Source.Name;Column1;Date;Averaging [min];Direction;Data type;Distance [AU];STEP;EPT;HET;Sigma;Relative error;Fraction of nan;Leave first HET channel out;Shift STEP data;Type of fit;Fit to;Window;Which fit;Min energy;Max energy;Gamma1 guess;Gamma2 guess;c1 guess;Alpha guess;Break guess [MeV];Cutoff point guess [MeV];Use random;Iterations
2020-11-17-0932-all-fit-variables_ept-peak-best-l2-1min-sun.csv;0;17.11.2020;1min;sun;l2;0.93;TRUE;TRUE;TRUE;3;0.5;0.9;TRUE;;ept;peak;Fixed window;best;;;-1.9;-2.5;1000.0;7,16;0.1;0.12;TRUE;20
2020-11-17-0932-all-fit-variables_ept-peak-best-l2-2min-sun.csv;0;17.11.2020;2min;sun;l2;0.93;TRUE;TRUE;TRUE;3;0.5;0.9;TRUE;;ept;peak;Fixed window;best;;;-1.9;-2.5;1000.0;7,16;0.1;0.12;TRUE;20
2020-11-17-0932-all-fit-variables_ept-peak-best-l2-5min-sun.csv;0;17.11.2020;5min;sun;l2;0.93;TRUE;TRUE;TRUE;3;0.5;0.9;TRUE;;ept;peak;Fixed window;best;;;-1.9;-2.5;1000.0;7,16;0.1;0.12;TRUE;20
2020-11-17-0932-all-fit-variables_ept_het-peak-best-l2-2min-sun.csv;0;17.11.2020;2min;sun;l2;0.93;TRUE;TRUE;TRUE;3;0.5;0.9;TRUE;;ept_het;peak;Fixed window;best;;;-1.9;-2.5;1000.0;7,16;0.1;0.12;TRUE;20
2020-11-17-0932-all-fit-variables_ept_het-peak-best-l2-5min-sun.csv;0;17.11.2020;5min;sun;l2;0.93;TRUE;TRUE;TRUE;3;0.5;0.9;TRUE;;ept_het;peak;Fixed window;best;;;-1.9;-2.5;1000.0;7,16;0.1;0.12;TRUE;20
2020-11-17-0932-all-fit-variables_step-peak-best-l2-1min-sun.csv;0;17.11.2020;1min;sun;l2;0.93;TRUE;TRUE;TRUE;3;0.5;0.9;TRUE;;step;peak;Fixed window;best;;;-1.9;-2.5;1000.0;7,16;0.1;0.12;TRUE;20
2020-11-17-0932-all-fit-variables_step-peak-best-l2-2min-sun.csv;0;17.11.2020;2min;sun;l2;0.93;TRUE;TRUE;TRUE;3;0.5;0.9;TRUE;;step;peak;Fixed window;best;;;-1.9;-2.5;1000.0;7,16;0.1;0.12;TRUE;20
2020-11-17-0932-all-fit-variables_step-peak-best-l2-5min-sun.csv;0;17.11.2020;5min;sun;l2;0.93;TRUE;TRUE;TRUE;3;0.5;0.9;TRUE;;step;peak;Fixed window;best;;;-1.9;-2.5;1000.0;7,16;0.1;0.12;TRUE;20
2020-11-17-0932-all-fit-variables_step_ept-peak-best-l2-1min-sun.csv;0;17.11.2020;1min;sun;l2;0.93;TRUE;TRUE;TRUE;3;0.5;0.9;TRUE;;step_ept;peak;Fixed window;best;;;-1.9;-2.5;1000.0;7,16;0.1;0.12;TRUE;20
2020-11-17-0932-all-fit-variables_step_ept-peak-best-l2-2min-sun.csv;0;17.11.2020;2min;sun;l2;0.93;TRUE;TRUE;TRUE;3;0.5;0.9;TRUE;;step_ept;peak;Fixed window;best;;;-1.9;-2.5;1000.0;7,16;0.1;0.12;TRUE;20
2020-11-17-0932-all-fit-variables_step_ept-peak-best-l2-5min-sun.csv;0;17.11.2020;5min;sun;l2;0.93;TRUE;TRUE;TRUE;3;0.5;0.9;TRUE;;step_ept;peak;Fixed window;best;;;-1.9;-2.5;1000.0;7,16;0.1;0.12;TRUE;20
2020-11-17-0932-all-fit-variables_step_ept-peak-best_cb-l2-5min-sun.csv;0;17.11.2020;5min;sun;l2;0.93;TRUE;TRUE;TRUE;3;0.5;0.9;TRUE;;step_ept;peak;One slope D = 0.95 AU;best_cb;;;-1.9;-2.5;1000.0;7,16;0.1;0.12;TRUE;20
2020-11-17-0932-all-fit-variables_step_ept-peak-cut-l2-5min-sun.csv;0;17.11.2020;5min;sun;l2;0.93;TRUE;TRUE;TRUE;3;0.5;0.9;TRUE;;step_ept;peak;One slope D = 0.95 AU;cut;;;-1.9;-2.5;1000.0;7,16;0.1;0.12;TRUE;20
2020-11-17-0932-all-fit-variables_step_ept_het-peak-best-l2-1min-sun.csv;0;17.11.2020;1min;sun;l2;0.93;TRUE;TRUE;TRUE;3;0.5;0.9;TRUE;;step_ept_het;peak;Fixed window;best;;;-1.9;-2.5;1000.0;7,16;0.1;0.12;TRUE;20
2020-11-17-0932-all-fit-variables_step_ept_het-peak-best-l2-2min-sun.csv;0;17.11.2020;2min;sun;l2;0.93;TRUE;TRUE;TRUE;3;0.5;0.9;TRUE;;step_ept_het;peak;Fixed window;best;;;-1.9;-2.5;1000.0;7,16;0.1;0.12;TRUE;20
2020-11-17-0932-all-fit-variables_step_ept_het-peak-best-l2-5min-sun.csv;0;17.11.2020;5min;sun;l2;0.93;TRUE;TRUE;TRUE;3;0.5;0.9;TRUE;;step_ept_het;peak;Fixed window;best;;;-1.9;-2.5;1000.0;7,16;0.1;0.12;TRUE;20
2020-11-17-1826-all-fit-variables_ept-peak-best-l2-2min-sun.csv;0;17.11.2020;2min;sun;l2;0.93;TRUE;TRUE;TRUE;3;0.5;0.9;TRUE;;ept;peak;One slope D = 0.95 AU;best;0.01;;-1.9;-2.5;1000.0;7,16;0.6;0.12;TRUE;20
2020-11-17-1826-all-fit-variables_ept-peak-best-l2-5min-sun.csv;0;17.11.2020;5min;sun;l2;0.93;TRUE;TRUE;TRUE;3;0.5;0.9;TRUE;;ept;peak;One slope D = 0.95 AU;best;;1;-1.9;-2.5;1000.0;7,16;0.1;0.12;TRUE;20
2020-11-17-1826-all-fit-variables_step-peak-best-l2-5min-sun.csv;0;17.11.2020;5min;sun;l2;0.93;TRUE;TRUE;TRUE;3;0.5;0.9;TRUE;;step;peak;One slope D = 0.95 AU;best;;;-1.9;-2.5;1000.0;7,16;0.1;0.12;TRUE;20
2020-11-17-1826-all-fit-variables_step-peak-broken-l2-2min-sun.csv;0;17.11.2020;2min;sun;l2;0.93;TRUE;TRUE;TRUE;3;0.5;0.9;TRUE;;step;peak;One slope D = 0.95 AU;broken;0.01;;-1.9;-2.5;1000.0;7,16;0.6;0.12;TRUE;20
2020-11-17-1826-all-fit-variables_step_ept-peak-best-l2-2min-sun.csv;0;17.11.2020;2min;sun;l2;0.93;TRUE;TRUE;TRUE;3;0.5;0.9;TRUE;;step_ept;peak;One slope D = 0.95 AU;best;0.01;;-1.9;-2.5;1000.0;7,16;0.6;0.12;TRUE;20
2020-11-17-1826-all-fit-variables_step_ept-peak-best-l2-5min-sun.csv;0;17.11.2020;5min;sun;l2;0.93;TRUE;TRUE;TRUE;3;0.5;0.9;TRUE;;step_ept;peak;One slope D = 0.95 AU;best;;;-1.9;-2.5;1000.0;7,16;0.1;0.12;TRUE;20
2020-11-17-1826-all-fit-variables_step_ept-peak-best_cb-l2-5min-sun.csv;0;17.11.2020;5min;sun;l2;0.93;TRUE;TRUE;TRUE;3;0.5;0.9;TRUE;;step_ept;peak;One slope D = 0.95 AU;best_cb;;;-1.9;-2.5;1000.0;7,16;0.1;0.12;TRUE;20
2020-11-17-1826-all-fit-variables_step_ept-peak-broken-l2-2min-sun.csv;0;17.11.2020;2min;sun;l2;0.93;TRUE;TRUE;TRUE;3;0.5;0.9;TRUE;;step_ept;peak;One slope D = 0.95 AU;broken;0.01;;-1.9;-2.5;1000.0;7,16;0.6;0.12;TRUE;20
2020-11-17-1826-all-fit-variables_step_ept-peak-cut-l2-5min-sun.csv;0;17.11.2020;5min;sun;l2;0.93;TRUE;TRUE;TRUE;3;0.5;0.9;TRUE;;step_ept;peak;One slope D = 0.95 AU;cut;;;-1.9;-2.5;1000.0;7,16;0.1;0.12;TRUE;20
2020-11-17-1826-all-fit-variables_step_ept_het-peak-best-l2-2min-sun.csv;0;17.11.2020;2min;sun;l2;0.93;TRUE;TRUE;TRUE;3;0.5;0.9;TRUE;;step_ept_het;peak;One slope D = 0.95 AU;best;0.01;;-1.9;-2.5;1000.0;7,16;0.6;0.12;TRUE;20
2020-11-17-1826-all-fit-variables_step_ept_het-peak-best-l2-5min-sun.csv;0;17.11.2020;5min;sun;l2;0.93;TRUE;TRUE;TRUE;3;0.5;0.9;TRUE;;step_ept_het;peak;One slope D = 0.95 AU;best;;;-1.9;-2.5;1000.0;7,16;0.1;0.12;TRUE;20
2020-11-18-1314-all-fit-variables_ept-peak-best-l2-1min-sun.csv;0;18.11.2020;1min;sun;l2;0.93;TRUE;TRUE;TRUE;3;0.5;0.9;TRUE;;ept;peak;One slope D = 0.95 AU;best;;;-1.9;-2.5;1000.0;7,16;1;0.12;TRUE;20
2020-11-18-1314-all-fit-variables_ept-peak-best-l2-2min-sun.csv;0;18.11.2020;2min;sun;l2;0.93;TRUE;TRUE;TRUE;3;0.5;0.9;TRUE;;ept;peak;One slope D = 0.95 AU;best;;;-1.9;-2.5;1000.0;7,16;1;0.12;TRUE;20
2020-11-18-1314-all-fit-variables_ept-peak-best-l2-5min-sun.csv;0;18.11.2020;5min;sun;l2;0.93;TRUE;TRUE;TRUE;3;0.5;0.9;TRUE;;ept;peak;One slope D = 0.95 AU;best;;;-1.9;-2.5;1000.0;7,16;1;0.12;TRUE;20
2020-11-18-1314-all-fit-variables_step-peak-best-l2-1min-sun.csv;0;18.11.2020;1min;sun;l2;0.93;TRUE;TRUE;TRUE;3;0.5;0.9;TRUE;;step;peak;One slope D = 0.95 AU;best;;;-1.9;-2.5;1000.0;7,16;1;0.12;TRUE;20
2020-11-18-1314-all-fit-variables_step-peak-best-l2-2min-sun.csv;0;18.11.2020;2min;sun;l2;0.93;TRUE;TRUE;TRUE;3;0.5;0.9;TRUE;;step;peak;One slope D = 0.95 AU;best;;;-1.9;-2.5;1000.0;7,16;1;0.12;TRUE;20
2020-11-18-1314-all-fit-variables_step-peak-best-l2-5min-sun.csv;0;18.11.2020;5min;sun;l2;0.93;TRUE;TRUE;TRUE;3;0.5;0.9;TRUE;;step;peak;One slope D = 0.95 AU;best;;;-1.9;-2.5;1000.0;7,16;1;0.12;TRUE;20
2020-11-18-1314-all-fit-variables_step-peak-broken-l2-5min-sun.csv;0;18.11.2020;5min;sun;l2;0.93;TRUE;TRUE;TRUE;3;0.5;0.9;TRUE;;step;peak;One slope D = 0.95 AU;broken;;;-1.9;-2.5;1000.0;7,16;1;0.12;TRUE;20
2020-11-18-1314-all-fit-variables_step_ept-peak-best-l2-1min-sun.csv;0;18.11.2020;1min;sun;l2;0.93;TRUE;TRUE;TRUE;3;0.5;0.9;TRUE;;step_ept;peak;One slope D = 0.95 AU;best;;;-1.9;-2.5;1000.0;7,16;1;0.12;TRUE;20
2020-11-18-1314-all-fit-variables_step_ept-peak-best-l2-2min-sun.csv;0;18.11.2020;2min;sun;l2;0.93;TRUE;TRUE;TRUE;3;0.5;0.9;TRUE;;step_ept;peak;One slope D = 0.95 AU;best;;;-1.9;-2.5;1000.0;7,16;1;0.12;TRUE;20
2020-11-18-1314-all-fit-variables_step_ept-peak-best-l2-5min-sun.csv;0;18.11.2020;5min;sun;l2;0.93;TRUE;TRUE;TRUE;3;0.5;0.9;TRUE;;step_ept;peak;One slope D = 0.95 AU;best;;;-1.9;-2.5;1000.0;7,16;1;0.12;TRUE;20
2020-11-18-1314-all-fit-variables_step_ept_het-peak-best-l2-5min-sun.csv;0;18.11.2020;5min;sun;l2;0.93;TRUE;TRUE;TRUE;3;0.5;0.9;TRUE;;step_ept_het;peak;One slope D = 0.95 AU;best;;;-1.9;-2.5;1000.0;7,16;1;0.12;TRUE;20
2020-11-18-1415-all-fit-variables_ept-peak-best-l2-1min-sun.csv;0;18.11.2020;1min;sun;l2;0.93;TRUE;TRUE;TRUE;3;0.5;0.9;TRUE;;ept;peak;One slope D = 1.2 AU;best;;;-1.9;-2.5;1000.0;7,16;1;0.12;TRUE;20
2020-11-18-1415-all-fit-variables_ept-peak-best-l2-2min-sun.csv;0;18.11.2020;2min;sun;l2;0.93;TRUE;TRUE;TRUE;3;0.5;0.9;TRUE;;ept;peak;One slope D = 1.2 AU;best;;;-1.9;-2.5;1000.0;7,16;1;0.12;TRUE;20
2020-11-18-1415-all-fit-variables_ept-peak-best-l2-5min-sun.csv;0;18.11.2020;5min;sun;l2;0.93;TRUE;TRUE;TRUE;3;0.5;0.9;TRUE;;ept;peak;One slope D = 1.2 AU;best;;;-1.9;-2.5;1000.0;7,16;1;0.12;TRUE;20
2020-11-18-1415-all-fit-variables_ept-peak-single-l2-1min-sun.csv;0;18.11.2020;1min;sun;l2;0.93;TRUE;TRUE;TRUE;3;0.5;0.9;TRUE;;ept;peak;One slope D = 1.2 AU;single;;;-1.9;-2.5;1000.0;7,16;1;0.12;TRUE;20
2020-11-18-1415-all-fit-variables_ept-peak-single-l2-2min-sun.csv;0;18.11.2020;2min;sun;l2;0.93;TRUE;TRUE;TRUE;3;0.5;0.9;TRUE;;ept;peak;One slope D = 1.2 AU;single;;;-1.9;-2.5;1000.0;7,16;1;0.12;TRUE;20
2020-11-18-1415-all-fit-variables_step-peak-best-l2-1min-sun.csv;0;18.11.2020;1min;sun;l2;0.93;TRUE;TRUE;TRUE;3;0.5;0.9;TRUE;;step;peak;One slope D = 1.2 AU;best;;;-1.9;-2.5;1000.0;7,16;1;0.12;TRUE;20
2020-11-18-1415-all-fit-variables_step-peak-best-l2-2min-sun.csv;0;18.11.2020;2min;sun;l2;0.93;TRUE;TRUE;TRUE;3;0.5;0.9;TRUE;;step;peak;One slope D = 1.2 AU;best;;;-1.9;-2.5;1000.0;7,16;1;0.12;TRUE;20
2020-11-18-1415-all-fit-variables_step-peak-best-l2-5min-sun.csv;0;18.11.2020;5min;sun;l2;0.93;TRUE;TRUE;TRUE;3;0.5;0.9;TRUE;;step;peak;One slope D = 1.2 AU;best;;;-1.9;-2.5;1000.0;7,16;1;0.12;TRUE;20
2020-11-18-1415-all-fit-variables_step_ept-peak-best-l2-1min-sun.csv;0;18.11.2020;1min;sun;l2;0.93;TRUE;TRUE;TRUE;3;0.5;0.9;TRUE;;step_ept;peak;One slope D = 1.2 AU;best;;;-1.9;-2.5;1000.0;7,16;1;0.12;TRUE;20
2020-11-18-1415-all-fit-variables_step_ept-peak-best-l2-2min-sun.csv;0;18.11.2020;2min;sun;l2;0.93;TRUE;TRUE;TRUE;3;0.5;0.9;TRUE;;step_ept;peak;One slope D = 1.2 AU;best;;;-1.9;-2.5;1000.0;7,16;1;0.12;TRUE;20
2020-11-18-1415-all-fit-variables_step_ept-peak-best-l2-5min-sun.csv;0;18.11.2020;5min;sun;l2;0.93;TRUE;TRUE;TRUE;3;0.5;0.9;TRUE;;step_ept;peak;One slope D = 1.2 AU;best;;;-1.9;-2.5;1000.0;7,16;1;0.12;TRUE;20
2020-11-19-0548-all-fit-variables_ept-peak-best-l2-1min-sun.csv;0;19.11.2020;1min;sun;l2;0.92;TRUE;TRUE;TRUE;3;0.5;0.9;TRUE;;ept;peak;One slope D = 0.95 AU;best;0.03;0.1;-1.9;-2.5;1000.0;7,16;1;0.12;TRUE;20
2020-11-19-0548-all-fit-variables_ept-peak-best-l2-2min-sun.csv;0;19.11.2020;2min;sun;l2;0.92;TRUE;TRUE;TRUE;3;0.5;0.9;TRUE;;ept;peak;One slope D = 0.95 AU;best;0.03;0.1;-1.9;-2.5;1000.0;7,16;1;0.12;TRUE;20
2020-11-19-0548-all-fit-variables_ept-peak-best-l2-5min-sun.csv;0;19.11.2020;5min;sun;l2;0.92;TRUE;TRUE;TRUE;3;0.5;0.9;TRUE;;ept;peak;One slope D = 0.95 AU;best;0.03;0.1;-1.9;-2.5;1000.0;7,16;1;0.12;TRUE;20
2020-11-19-0548-all-fit-variables_ept-peak-single-l2-5min-sun.csv;0;19.11.2020;5min;sun;l2;0.92;TRUE;TRUE;TRUE;3;0.5;0.9;TRUE;;ept;peak;One slope D = 0.95 AU;single;;;-1.9;-2.5;1000.0;7,16;1;0.12;TRUE;20
2020-11-19-0548-all-fit-variables_step-peak-best-l2-1min-sun.csv;0;19.11.2020;1min;sun;l2;0.92;TRUE;TRUE;TRUE;3;0.5;0.9;TRUE;;step;peak;One slope D = 0.95 AU;best;;;-1.9;-2.5;1000.0;7,16;1;0.12;TRUE;20
2020-11-19-0548-all-fit-variables_step-peak-best-l2-2min-sun.csv;0;19.11.2020;2min;sun;l2;0.92;TRUE;TRUE;TRUE;3;0.5;0.9;TRUE;;step;peak;One slope D = 0.95 AU;best;;;-1.9;-2.5;1000.0;7,16;1;0.12;TRUE;20
2020-11-19-0548-all-fit-variables_step-peak-best-l2-5min-sun.csv;0;19.11.2020;5min;sun;l2;0.92;TRUE;TRUE;TRUE;3;0.5;0.9;TRUE;;step;peak;One slope D = 0.95 AU;best;;;-1.9;-2.5;1000.0;7,16;1;0.12;TRUE;20
2020-11-19-0548-all-fit-variables_step_ept-peak-best-l2-1min-sun.csv;0;19.11.2020;1min;sun;l2;0.92;TRUE;TRUE;TRUE;3;0.5;0.9;TRUE;;step_ept;peak;One slope D = 0.95 AU;best;;;-1.9;-2.5;1000.0;7,16;1;0.12;TRUE;20
2020-11-19-0548-all-fit-variables_step_ept-peak-best-l2-2min-sun.csv;0;19.11.2020;2min;sun;l2;0.92;TRUE;TRUE;TRUE;3;0.5;0.9;TRUE;;step_ept;peak;One slope D = 0.95 AU;best;;;-1.9;-2.5;1000.0;7,16;1;0.12;TRUE;20
2020-11-19-0548-all-fit-variables_step_ept-peak-best-l2-5min-sun.csv;0;19.11.2020;5min;sun;l2;0.92;TRUE;TRUE;TRUE;3;0.5;0.9;TRUE;;step_ept;peak;One slope D = 0.95 AU;best;;;-1.9;-2.5;1000.0;7,16;1;0.12;TRUE;20
2021-02-15-1311-all-fit-variables_ept-peak-best-l2-1min-sun.csv;0;15.2.2021;1min;sun;l2;0.5;TRUE;TRUE;TRUE;3;0.5;0.9;TRUE;;ept;peak;One slope D = 0.7 AU;best;;;-1.9;-2.5;1000.0;7,16;1;0.12;TRUE;20
2021-02-15-1311-all-fit-variables_ept-peak-best-l2-2min-sun.csv;0;15.2.2021;2min;sun;l2;0.5;TRUE;TRUE;TRUE;3;0.5;0.9;TRUE;;ept;peak;One slope D = 0.7 AU;best;;;-1.9;-2.5;1000.0;7,16;1;0.12;TRUE;20
2021-02-15-1311-all-fit-variables_ept-peak-best-l2-5min-sun.csv;0;15.2.2021;5min;sun;l2;0.5;TRUE;TRUE;TRUE;3;0.5;0.9;TRUE;;ept;peak;One slope D = 0.7 AU;best;;;-1.9;-2.5;1000.0;7,16;1;0.12;TRUE;20
2021-02-15-1311-all-fit-variables_step-peak-best-l2-1min-sun.csv;0;15.2.2021;1min;sun;l2;0.5;TRUE;TRUE;TRUE;3;0.5;0.9;TRUE;;step;peak;One slope D = 0.7 AU;best;;;-1.9;-2.5;1000.0;7,16;1;0.12;TRUE;20
2021-02-15-1311-all-fit-variables_step-peak-best-l2-2min-sun.csv;0;15.2.2021;2min;sun;l2;0.5;TRUE;TRUE;TRUE;3;0.5;0.9;TRUE;;step;peak;One slope D = 0.7 AU;best;;;-1.9;-2.5;1000.0;7,16;1;0.12;TRUE;20
2021-02-15-1311-all-fit-variables_step-peak-best-l2-5min-sun.csv;0;15.2.2021;5min;sun;l2;0.5;TRUE;TRUE;TRUE;3;0.5;0.9;TRUE;;step;peak;One slope D = 0.7 AU;best;;;-1.9;-2.5;1000.0;7,16;1;0.12;TRUE;20
2021-02-15-1311-all-fit-variables_step_ept-peak-best-l2-1min-sun.csv;0;15.2.2021;1min;sun;l2;0.5;TRUE;TRUE;TRUE;3;0.5;0.9;TRUE;;step_ept;peak;One slope D = 0.7 AU;best;;;-1.9;-2.5;1000.0;7,16;1;0.12;TRUE;20
2021-02-15-1311-all-fit-variables_step_ept-peak-best-l2-2min-sun.csv;0;15.2.2021;2min;sun;l2;0.5;TRUE;TRUE;TRUE;3;0.5;0.9;TRUE;;step_ept;peak;One slope D = 0.7 AU;best;;;-1.9;-2.5;1000.0;7,16;1;0.12;TRUE;20
2021-02-15-1311-all-fit-variables_step_ept-peak-best-l2-5min-sun.csv;0;15.2.2021;5min;sun;l2;0.5;TRUE;TRUE;TRUE;3;0.5;0.9;TRUE;;step_ept;peak;One slope D = 0.7 AU;best;;;-1.9;-2.5;1000.0;7,16;1;0.12;TRUE;20
2021-03-05-1615-all-fit-variables_ept-peak-best-l2-1min-sun.csv;0;5.3.2021;1min;sun;l2;0.58;TRUE;TRUE;TRUE;3;0.5;0.9;TRUE;;ept;peak;One slope D = 0.6 AU;best;;;-1.9;-2.5;1000.0;7,16;1;0.12;TRUE;20
2021-03-05-1615-all-fit-variables_ept-peak-best-l2-2min-sun.csv;0;5.3.2021;2min;sun;l2;0.58;TRUE;TRUE;TRUE;3;0.5;0.9;TRUE;;ept;peak;One slope D = 0.6 AU;best;;;-1.9;-2.5;1000.0;7,16;1;0.12;TRUE;20
2021-03-05-1615-all-fit-variables_ept-peak-best-l2-5min-sun.csv;0;5.3.2021;5min;sun;l2;0.58;TRUE;TRUE;TRUE;3;0.5;0.9;TRUE;;ept;peak;One slope D = 0.6 AU;best;;;-1.9;-2.5;1000.0;7,16;1;0.12;TRUE;20
2021-03-05-1615-all-fit-variables_ept-peak-single-l2-1min-sun.csv;0;5.3.2021;1min;sun;l2;0.58;TRUE;TRUE;TRUE;3;0.5;0.9;TRUE;;ept;peak;One slope D = 0.6 AU;single;;;-1.9;-2.5;1000.0;7,16;1;0.12;TRUE;20
2021-03-05-1615-all-fit-variables_ept-peak-single-l2-2min-sun.csv;0;5.3.2021;2min;sun;l2;0.58;TRUE;TRUE;TRUE;3;0.5;0.9;TRUE;;ept;peak;One slope D = 0.6 AU;single;;;-1.9;-2.5;1000.0;7,16;1;0.12;TRUE;20
2021-03-05-1615-all-fit-variables_step-peak-best-l2-1min-sun.csv;0;5.3.2021;1min;sun;l2;0.58;TRUE;TRUE;TRUE;3;0.5;0.9;TRUE;;step;peak;One slope D = 0.6 AU;best;;;-1.9;-2.5;1000.0;7,16;1;0.12;TRUE;20
2021-03-05-1615-all-fit-variables_step-peak-best-l2-2min-sun.csv;0;5.3.2021;2min;sun;l2;0.58;TRUE;TRUE;TRUE;3;0.5;0.9;TRUE;;step;peak;One slope D = 0.6 AU;best;;;-1.9;-2.5;1000.0;7,16;1;0.12;TRUE;20
2021-03-05-1615-all-fit-variables_step-peak-best-l2-5min-sun.csv;0;5.3.2021;5min;sun;l2;0.58;TRUE;TRUE;TRUE;3;0.5;0.9;TRUE;;step;peak;One slope D = 0.6 AU;best;;;-1.9;-2.5;1000.0;7,16;1;0.12;TRUE;20
2021-03-05-1615-all-fit-variables_step_ept-peak-best-l2-1min-sun.csv;0;5.3.2021;1min;sun;l2;0.58;TRUE;TRUE;TRUE;3;0.5;0.9;TRUE;;step_ept;peak;One slope D = 0.6 AU;best;;;-1.9;-2.5;1000.0;7,16;1;0.12;TRUE;20
2021-03-05-1615-all-fit-variables_step_ept-peak-best-l2-2min-sun.csv;0;5.3.2021;2min;sun;l2;0.58;TRUE;TRUE;TRUE;3;0.5;0.9;TRUE;;step_ept;peak;One slope D = 0.6 AU;best;;;-1.9;-2.5;1000.0;7,16;1;0.12;TRUE;20
2021-03-05-1615-all-fit-variables_step_ept-peak-best-l2-5min-sun.csv;0;5.3.2021;5min;sun;l2;0.58;TRUE;TRUE;TRUE;3;0.5;0.9;TRUE;;step_ept;peak;One slope D = 0.6 AU;best;;;-1.9;-2.5;1000.0;7,16;1;0.12;TRUE;20
2021-04-17-1617-all-fit-variables_ept-peak-best-l2-1min-sun.csv;0;17.4.2021;1min;sun;l2;0.84;TRUE;TRUE;TRUE;3;0.5;0.9;TRUE;;ept;peak;One slope D = 0.6 AU;best;;;-1.9;-2.5;1000.0;7,16;1;0.12;TRUE;20
2021-04-17-1617-all-fit-variables_ept-peak-best-l2-2min-sun.csv;0;17.4.2021;2min;sun;l2;0.84;TRUE;TRUE;TRUE;3;0.5;0.9;TRUE;;ept;peak;One slope D = 0.6 AU;best;0.01;;-1.9;-2.5;1000.0;7,16;1;0.12;TRUE;20
2021-04-17-1617-all-fit-variables_ept-peak-best-l2-5min-sun.csv;0;17.4.2021;5min;sun;l2;0.84;TRUE;TRUE;TRUE;3;0.5;0.9;TRUE;;ept;peak;One slope D = 0.6 AU;best;;;-1.9;-2.5;1000.0;7,16;1;0.12;TRUE;20
2021-04-17-1617-all-fit-variables_ept-peak-single-l2-2min-sun.csv;0;17.4.2021;2min;sun;l2;0.84;TRUE;TRUE;TRUE;3;0.5;0.9;TRUE;;ept;peak;One slope D = 0.6 AU;single;0.01;;-1.9;-2.5;1000.0;7,16;1;0.12;TRUE;20
2021-04-17-1617-all-fit-variables_step-peak-best-l2-1min-sun.csv;0;17.4.2021;1min;sun;l2;0.84;TRUE;TRUE;TRUE;3;0.5;0.9;TRUE;;step;peak;One slope D = 0.6 AU;best;;;-1.9;-2.5;1000.0;7,16;1;0.12;TRUE;20
2021-04-17-1617-all-fit-variables_step-peak-best-l2-2min-sun.csv;0;17.4.2021;2min;sun;l2;0.84;TRUE;TRUE;TRUE;3;0.5;0.9;TRUE;;step;peak;One slope D = 0.6 AU;best;0.01;;-1.9;-2.5;1000.0;7,16;1;0.12;TRUE;20
2021-04-17-1617-all-fit-variables_step-peak-best-l2-5min-sun.csv;0;17.4.2021;5min;sun;l2;0.84;TRUE;TRUE;TRUE;3;0.5;0.9;TRUE;;step;peak;One slope D = 0.6 AU;best;;;-1.9;-2.5;1000.0;7,16;1;0.12;TRUE;20
2021-04-17-1617-all-fit-variables_step-peak-single-l2-1min-sun.csv;0;17.4.2021;1min;sun;l2;0.84;TRUE;TRUE;TRUE;3;0.5;0.9;TRUE;;step;peak;One slope D = 0.6 AU;single;;;-1.9;-2.5;1000.0;7,16;1;0.12;TRUE;20
2021-04-17-1617-all-fit-variables_step-peak-single-l2-5min-sun.csv;0;17.4.2021;5min;sun;l2;0.84;TRUE;TRUE;TRUE;3;0.5;0.9;TRUE;;step;peak;One slope D = 0.6 AU;single;;;-1.9;-2.5;1000.0;7,16;1;0.12;TRUE;20
2021-04-17-1617-all-fit-variables_step_ept-peak-best-l2-1min-sun.csv;0;17.4.2021;1min;sun;l2;0.84;TRUE;TRUE;TRUE;3;0.5;0.9;TRUE;;step_ept;peak;One slope D = 0.6 AU;best;;;-1.9;-2.5;1000.0;7,16;1;0.12;TRUE;20
2021-04-17-1617-all-fit-variables_step_ept-peak-best-l2-2min-sun.csv;0;17.4.2021;2min;sun;l2;0.84;TRUE;TRUE;TRUE;3;0.5;0.9;TRUE;;step_ept;peak;One slope D = 0.6 AU;best;0.01;;-1.9;-2.5;1000.0;7,16;1;0.12;TRUE;20
2021-04-17-1617-all-fit-variables_step_ept-peak-best-l2-5min-sun.csv;0;17.4.2021;5min;sun;l2;0.84;TRUE;TRUE;TRUE;3;0.5;0.9;TRUE;;step_ept;peak;One slope D = 0.6 AU;best;;;-1.9;-2.5;1000.0;7,16;1;0.12;TRUE;20
2021-04-17-1617-all-fit-variables_step_ept_het-peak-best-l2-2min-sun.csv;0;17.4.2021;2min;sun;l2;0.84;TRUE;TRUE;TRUE;3;0.5;0.9;TRUE;;step_ept_het;peak;One slope D = 0.6 AU;best;0.01;;-1.9;-2.5;1000.0;7,16;1;0.12;TRUE;20
2021-04-17-1617-all-fit-variables_step_ept_het-peak-best-l2-5min-sun.csv;0;17.4.2021;5min;sun;l2;0.84;TRUE;TRUE;TRUE;3;0.5;0.9;TRUE;;step_ept_het;peak;One slope D = 0.6 AU;best;;;-1.9;-2.5;1000.0;7,16;1;0.12;TRUE;20
2021-05-07-1852-all-fit-variables_ept-peak-best-l2-1min-sun.csv;0;7.5.2021;1min;sun;l2;0.92;TRUE;TRUE;TRUE;3;0.5;0.9;TRUE;;ept;peak;One slope D = 1.6 AU;best;;;-1.9;-2.5;1000.0;7,16;1;0.12;TRUE;20
2021-05-07-1852-all-fit-variables_ept-peak-best-l2-2min-sun.csv;0;7.5.2021;2min;sun;l2;0.92;TRUE;TRUE;TRUE;3;0.5;0.9;TRUE;;ept;peak;One slope D = 1.6 AU;best;;;-1.9;-2.5;1000.0;7,16;1;0.12;TRUE;20
2021-05-07-1852-all-fit-variables_ept-peak-best-l2-5min-sun.csv;0;7.5.2021;5min;sun;l2;0.92;TRUE;TRUE;TRUE;3;0.5;0.9;TRUE;;ept;peak;One slope D = 1.6 AU;best;;;-1.9;-2.5;1000.0;7,16;1;0.12;TRUE;20
2021-05-07-1852-all-fit-variables_ept_het-peak-best-l2-2min-sun.csv;0;7.5.2021;2min;sun;l2;0.92;TRUE;TRUE;TRUE;3;0.5;0.9;TRUE;;ept_het;peak;One slope D = 1.6 AU;best;;;-1.9;-2.5;1000.0;7,16;1;0.12;TRUE;20
2021-05-07-1852-all-fit-variables_ept_het-peak-best-l2-5min-sun.csv;0;7.5.2021;5min;sun;l2;0.92;TRUE;TRUE;TRUE;3;0.5;0.9;TRUE;;ept_het;peak;One slope D = 1.6 AU;best;;;-1.9;-2.5;1000.0;7,16;1;0.12;TRUE;20
2021-05-07-1852-all-fit-variables_step-peak-best-l2-1min-sun.csv;0;7.5.2021;1min;sun;l2;0.92;TRUE;TRUE;TRUE;3;0.5;0.9;TRUE;;step;peak;One slope D = 1.6 AU;best;;;-1.9;-2.5;1000.0;7,16;1;0.12;TRUE;20
2021-05-07-1852-all-fit-variables_step-peak-best-l2-2min-sun.csv;0;7.5.2021;2min;sun;l2;0.92;TRUE;TRUE;TRUE;3;0.5;0.9;TRUE;;step;peak;One slope D = 1.6 AU;best;;;-1.9;-2.5;1000.0;7,16;1;0.12;TRUE;20
2021-05-07-1852-all-fit-variables_step-peak-best-l2-5min-sun.csv;0;7.5.2021;5min;sun;l2;0.92;TRUE;TRUE;TRUE;3;0.5;0.9;TRUE;;step;peak;One slope D = 1.6 AU;best;;;-1.9;-2.5;1000.0;7,16;1;0.12;TRUE;20
2021-05-07-1852-all-fit-variables_step-peak-single-l2-1min-sun.csv;0;7.5.2021;1min;sun;l2;0.92;TRUE;TRUE;TRUE;3;0.5;0.9;TRUE;;step;peak;One slope D = 1.6 AU;single;;;-1.9;-2.5;1000.0;7,16;1;0.12;TRUE;20
2021-05-07-1852-all-fit-variables_step-peak-single-l2-2min-sun.csv;0;7.5.2021;2min;sun;l2;0.92;TRUE;TRUE;TRUE;3;0.5;0.9;TRUE;;step;peak;One slope D = 1.6 AU;single;;;-1.9;-2.5;1000.0;7,16;1;0.12;TRUE;20
2021-05-07-1852-all-fit-variables_step_ept-peak-best-l2-1min-sun.csv;0;7.5.2021;1min;sun;l2;0.92;TRUE;TRUE;TRUE;3;0.5;0.9;TRUE;;step_ept;peak;One slope D = 1.6 AU;best;;;-1.9;-2.5;1000.0;7,16;1;0.12;TRUE;20
2021-05-07-1852-all-fit-variables_step_ept-peak-best-l2-2min-sun.csv;0;7.5.2021;2min;sun;l2;0.92;TRUE;TRUE;TRUE;3;0.5;0.9;TRUE;;step_ept;peak;One slope D = 1.6 AU;best;;;-1.9;-2.5;1000.0;7,16;1;0.12;TRUE;20
2021-05-07-1852-all-fit-variables_step_ept-peak-best-l2-5min-sun.csv;0;7.5.2021;5min;sun;l2;0.92;TRUE;TRUE;TRUE;3;0.5;0.9;TRUE;;step_ept;peak;One slope D = 1.6 AU;best;;;-1.9;-2.5;1000.0;7,16;1;0.12;TRUE;20
2021-05-07-1852-all-fit-variables_step_ept_het-peak-best-l2-1min-sun.csv;0;7.5.2021;1min;sun;l2;0.92;TRUE;TRUE;TRUE;3;0.5;0.9;TRUE;;step_ept_het;peak;One slope D = 1.6 AU;best;;;-1.9;-2.5;1000.0;7,16;1;0.12;TRUE;20
2021-05-07-1852-all-fit-variables_step_ept_het-peak-best-l2-5min-sun.csv;0;7.5.2021;5min;sun;l2;0.92;TRUE;TRUE;TRUE;3;0.5;0.9;TRUE;;step_ept_het;peak;One slope D = 1.6 AU;best;;;-1.9;-2.5;1000.0;7,16;1;0.12;TRUE;20
2021-05-09-1852-all-fit-variables_ept-peak-best-l2-1min-sun.csv;0;9.5.2021;1min;sun;l2;0.92;TRUE;TRUE;TRUE;3;0.5;0.9;TRUE;;ept;peak;One slope D = 0.95 AU;best;;;-1.9;-2.5;1000.0;7,16;1;0.12;TRUE;20
2021-05-09-1852-all-fit-variables_ept-peak-best-l2-2min-sun.csv;0;9.5.2021;2min;sun;l2;0.92;TRUE;TRUE;TRUE;3;0.5;0.9;TRUE;;ept;peak;One slope D = 0.95 AU;best;;;-1.9;-2.5;1000.0;7,16;1;0.12;TRUE;20
2021-05-09-1852-all-fit-variables_ept-peak-best-l2-5min-sun.csv;0;9.5.2021;5min;sun;l2;0.92;TRUE;TRUE;TRUE;3;0.5;0.9;TRUE;;ept;peak;One slope D = 0.95 AU;best;;;-1.9;-2.5;1000.0;7,16;1;0.12;TRUE;20
2021-05-09-1852-all-fit-variables_ept_het-peak-best-l2-5min-sun.csv;0;9.5.2021;5min;sun;l2;0.92;TRUE;TRUE;TRUE;3;0.5;0.9;TRUE;;ept_het;peak;One slope D = 0.95 AU;best;;;-1.9;-2.5;1000.0;7,16;1;0.12;TRUE;20
2021-05-09-1852-all-fit-variables_step-peak-best-l2-1min-sun.csv;0;9.5.2021;1min;sun;l2;0.92;TRUE;TRUE;TRUE;3;0.5;0.9;TRUE;;step;peak;One slope D = 0.95 AU;best;;;-1.9;-2.5;1000.0;7,16;1;0.12;TRUE;20
2021-05-09-1852-all-fit-variables_step-peak-best-l2-2min-sun.csv;0;9.5.2021;2min;sun;l2;0.92;TRUE;TRUE;TRUE;3;0.5;0.9;TRUE;;step;peak;One slope D = 0.95 AU;best;;;-1.9;-2.5;1000.0;7,16;1;0.12;TRUE;20
2021-05-09-1852-all-fit-variables_step-peak-best-l2-5min-sun.csv;0;9.5.2021;5min;sun;l2;0.92;TRUE;TRUE;TRUE;3;0.5;0.9;TRUE;;step;peak;One slope D = 0.95 AU;best;;;-1.9;-2.5;1000.0;7,16;1;0.12;TRUE;20
2021-05-09-1852-all-fit-variables_step-peak-single-l2-1min-sun.csv;0;9.5.2021;1min;sun;l2;0.92;TRUE;TRUE;TRUE;3;0.5;0.9;TRUE;;step;peak;One slope D = 0.95 AU;single;;;-1.9;-2.5;1000.0;7,16;1;0.12;TRUE;20
2021-05-09-1852-all-fit-variables_step-peak-single-l2-2min-sun.csv;0;9.5.2021;2min;sun;l2;0.92;TRUE;TRUE;TRUE;3;0.5;0.9;TRUE;;step;peak;One slope D = 0.95 AU;single;;;-1.9;-2.5;1000.0;7,16;1;0.12;TRUE;20
2021-05-09-1852-all-fit-variables_step-peak-single-l2-5min-sun.csv;0;9.5.2021;5min;sun;l2;0.92;TRUE;TRUE;TRUE;3;0.5;0.9;TRUE;;step;peak;One slope D = 0.95 AU;single;;;-1.9;-2.5;1000.0;7,16;1;0.12;TRUE;20
2021-05-09-1852-all-fit-variables_step_ept-peak-best-l2-1min-sun.csv;0;9.5.2021;1min;sun;l2;0.92;TRUE;TRUE;TRUE;3;0.5;0.9;TRUE;;step_ept;peak;One slope D = 0.95 AU;best;;;-1.9;-2.5;1000.0;7,16;1;0.12;TRUE;20
2021-05-09-1852-all-fit-variables_step_ept-peak-best-l2-2min-sun.csv;0;9.5.2021;2min;sun;l2;0.92;TRUE;TRUE;TRUE;3;0.5;0.9;TRUE;;step_ept;peak;One slope D = 0.95 AU;best;;;-1.9;-2.5;1000.0;7,16;1;0.12;TRUE;20
2021-05-09-1852-all-fit-variables_step_ept-peak-best-l2-5min-sun.csv;0;9.5.2021;5min;sun;l2;0.92;TRUE;TRUE;TRUE;3;0.5;0.9;TRUE;;step_ept;peak;One slope D = 0.95 AU;best;;;-1.9;-2.5;1000.0;7,16;1;0.12;TRUE;20
2021-05-09-1852-all-fit-variables_step_ept_het-peak-best-l2-1min-sun.csv;0;9.5.2021;1min;sun;l2;0.92;TRUE;TRUE;TRUE;3;0.5;0.9;TRUE;;step_ept_het;peak;One slope D = 0.95 AU;best;;;-1.9;-2.5;1000.0;7,16;1;0.12;TRUE;20
2021-05-09-1852-all-fit-variables_step_ept_het-peak-best-l2-2min-sun.csv;0;9.5.2021;2min;sun;l2;0.92;TRUE;TRUE;TRUE;3;0.5;0.9;TRUE;;step_ept_het;peak;One slope D = 0.95 AU;best;;;-1.9;-2.5;1000.0;7,16;1;0.12;TRUE;20
2021-05-09-1852-all-fit-variables_step_ept_het-peak-best-l2-5min-sun.csv;0;9.5.2021;5min;sun;l2;0.92;TRUE;TRUE;TRUE;3;0.5;0.9;TRUE;;step_ept_het;peak;One slope D = 0.95 AU;best;;;-1.9;-2.5;1000.0;7,16;1;0.12;TRUE;20
2021-05-22-0124-all-fit-variables_ept-peak-best-l2-1min-sun.csv;0;22.5.2021;1min;sun;l2;0.95;TRUE;TRUE;TRUE;3;0.5;0.9;TRUE;;ept;peak;One slope D = 0.95 AU;best;;;-1.9;-2.5;1000.0;7,16;1;0.12;TRUE;20
2021-05-22-0124-all-fit-variables_ept-peak-best-l2-2min-sun.csv;0;22.5.2021;2min;sun;l2;0.95;TRUE;TRUE;TRUE;3;0.5;0.9;TRUE;;ept;peak;One slope D = 0.95 AU;best;0.01;;-1.9;-2.5;1000.0;7,16;1;0.12;TRUE;20
2021-05-22-0124-all-fit-variables_ept-peak-best-l2-5min-sun.csv;0;22.5.2021;5min;sun;l2;0.95;TRUE;TRUE;TRUE;3;0.5;0.9;TRUE;;ept;peak;One slope D = 0.95 AU;best;;;-1.9;-2.5;1000.0;7,16;1;0.12;TRUE;20
2021-05-22-0124-all-fit-variables_ept_het-peak-best-l2-5min-sun.csv;0;22.5.2021;5min;sun;l2;0.95;TRUE;TRUE;TRUE;3;0.5;0.9;TRUE;;ept_het;peak;One slope D = 0.95 AU;best;0.01;;-1.9;-2.5;1000.0;7,16;1;0.12;TRUE;20
2021-05-22-0124-all-fit-variables_step-peak-best-l2-1min-sun.csv;0;22.5.2021;1min;sun;l2;0.95;TRUE;TRUE;TRUE;3;0.5;0.9;TRUE;;step;peak;One slope D = 0.95 AU;best;0.01;;-1.9;-2.5;1000.0;7,16;1;0.12;TRUE;20
2021-05-22-0124-all-fit-variables_step-peak-best-l2-2min-sun.csv;0;22.5.2021;2min;sun;l2;0.95;TRUE;TRUE;TRUE;3;0.5;0.9;TRUE;;step;peak;One slope D = 0.95 AU;best;0.01;;-1.9;-2.5;1000.0;7,16;1;0.12;TRUE;20
2021-05-22-0124-all-fit-variables_step-peak-best-l2-5min-sun.csv;0;22.5.2021;5min;sun;l2;0.95;TRUE;TRUE;TRUE;3;0.5;0.9;TRUE;;step;peak;One slope D = 0.95 AU;best;0.01;;-1.9;-2.5;1000.0;7,16;1;0.12;TRUE;20
2021-05-22-0124-all-fit-variables_step_ept-peak-best-l2-1min-sun.csv;0;22.5.2021;1min;sun;l2;0.95;TRUE;TRUE;TRUE;3;0.5;0.9;TRUE;;step_ept;peak;One slope D = 0.95 AU;best;0.01;;-1.9;-2.5;1000.0;7,16;1;0.12;TRUE;20
2021-05-22-0124-all-fit-variables_step_ept-peak-best-l2-2min-sun.csv;0;22.5.2021;2min;sun;l2;0.95;TRUE;TRUE;TRUE;3;0.5;0.9;TRUE;;step_ept;peak;One slope D = 0.95 AU;best;0.01;;-1.9;-2.5;1000.0;7,16;1;0.12;TRUE;20
2021-05-22-0124-all-fit-variables_step_ept-peak-best-l2-5min-sun.csv;0;22.5.2021;5min;sun;l2;0.95;TRUE;TRUE;TRUE;3;0.5;0.9;TRUE;;step_ept;peak;One slope D = 0.95 AU;best;0.01;;-1.9;-2.5;1000.0;7,16;1;0.12;TRUE;20
2021-05-22-0252-all-fit-variables_ept-peak-best-l2-1min-sun.csv;0;22.5.2021;1min;sun;l2;0.95;TRUE;TRUE;TRUE;3;0.5;0.9;TRUE;;ept;peak;One slope D = 0.95 AU;best;;;-1.9;-2.5;1000.0;7,16;1;0.12;TRUE;20
2021-05-22-0252-all-fit-variables_ept-peak-best-l2-2min-sun.csv;0;22.5.2021;2min;sun;l2;0.95;TRUE;TRUE;TRUE;3;0.5;0.9;TRUE;;ept;peak;One slope D = 0.95 AU;best;;;-1.9;-2.5;1000.0;7,16;1;0.12;TRUE;20
2021-05-22-0252-all-fit-variables_ept-peak-best-l2-5min-sun.csv;0;22.5.2021;5min;sun;l2;0.95;TRUE;TRUE;TRUE;3;0.5;0.9;TRUE;;ept;peak;One slope D = 0.95 AU;best;0.055;;-1.9;-2.5;1000.0;7,16;1;0.12;TRUE;20
2021-05-22-0252-all-fit-variables_ept_het-peak-best-l2-1min-sun.csv;0;22.5.2021;1min;sun;l2;0.95;TRUE;TRUE;TRUE;3;0.5;0.9;TRUE;;ept_het;peak;One slope D = 0.95 AU;best;;;-1.9;-2.5;1000.0;7,16;1;0.12;TRUE;20
2021-05-22-0252-all-fit-variables_ept_het-peak-best-l2-2min-sun.csv;0;22.5.2021;2min;sun;l2;0.95;TRUE;TRUE;TRUE;3;0.5;0.9;TRUE;;ept_het;peak;One slope D = 0.95 AU;best;;;-1.9;-2.5;1000.0;7,16;1;0.12;TRUE;20
2021-05-22-0252-all-fit-variables_step-peak-best-l2-1min-sun.csv;0;22.5.2021;1min;sun;l2;0.95;TRUE;TRUE;TRUE;3;0.5;0.9;TRUE;;step;peak;One slope D = 0.95 AU;best;;;-1.9;-2.5;1000.0;7,16;1;0.12;TRUE;20
2021-05-22-0252-all-fit-variables_step-peak-best-l2-2min-sun.csv;0;22.5.2021;2min;sun;l2;0.95;TRUE;TRUE;TRUE;3;0.5;0.9;TRUE;;step;peak;One slope D = 0.95 AU;best;;;-1.9;-2.5;1000.0;7,16;1;0.12;TRUE;20
2021-05-22-0252-all-fit-variables_step-peak-best-l2-5min-sun.csv;0;22.5.2021;5min;sun;l2;0.95;TRUE;TRUE;TRUE;3;0.5;0.9;TRUE;;step;peak;One slope D = 0.95 AU;best;;;-1.9;-2.5;1000.0;7,16;1;0.12;TRUE;20
2021-05-22-0252-all-fit-variables_stepept-peak-best-l2-5min-sun.csv;0;22.5.2021;5min;sun;l2;0.95;TRUE;TRUE;TRUE;3;0.5;0.9;TRUE;;stepept;peak;One slope D = 0.95 AU;best;;;-1.9;-2.5;1000.0;7,16;1;0.12;TRUE;20
2021-05-22-0252-all-fit-variables_step_ept-peak-best-l2-1min-sun.csv;0;22.5.2021;1min;sun;l2;0.95;TRUE;TRUE;TRUE;3;0.5;0.9;TRUE;;step_ept;peak;One slope D = 0.95 AU;best;;;-1.9;-2.5;1000.0;7,16;1;0.12;TRUE;20
2021-05-22-0252-all-fit-variables_step_ept-peak-best-l2-2min-sun.csv;0;22.5.2021;2min;sun;l2;0.95;TRUE;TRUE;TRUE;3;0.5;0.9;TRUE;;step_ept;peak;One slope D = 0.95 AU;best;;;-1.9;-2.5;1000.0;7,16;1;0.12;TRUE;20
2021-05-22-0252-all-fit-variables_step_ept-peak-best-l2-5min-sun.csv;0;22.5.2021;5min;sun;l2;0.95;TRUE;TRUE;TRUE;3;0.5;0.9;TRUE;;step_ept;peak;One slope D = 0.95 AU;best;;;-1.9;-2.5;1000.0;7,16;1;0.12;TRUE;20
2021-05-22-0252-all-fit-variables_step_ept_het-peak-best-l2-1min-sun.csv;0;22.5.2021;1min;sun;l2;0.95;TRUE;TRUE;TRUE;3;0.5;0.9;TRUE;;step_ept_het;peak;One slope D = 0.95 AU;best;;;-1.9;-2.5;1000.0;7,16;1;0.12;TRUE;20
2021-05-22-0252-all-fit-variables_step_ept_het-peak-best-l2-2min-sun.csv;0;22.5.2021;2min;sun;l2;0.95;TRUE;TRUE;TRUE;3;0.5;0.9;TRUE;;step_ept_het;peak;One slope D = 0.95 AU;best;;;-1.9;-2.5;1000.0;7,16;1;0.12;TRUE;20
2021-05-22-0648-all-fit-variables_ept-peak-best-l2-1min-sun.csv;0;22.5.2021;1min;sun;l2;0.95;TRUE;TRUE;TRUE;3;0.5;0.9;TRUE;;ept;peak;One slope D = 0.95 AU;best;;;-1.9;-2.5;1000.0;7,16;0.1;0.12;TRUE;20
2021-05-22-0648-all-fit-variables_ept-peak-best-l2-2min-sun.csv;0;22.5.2021;2min;sun;l2;0.95;TRUE;TRUE;TRUE;3;0.5;0.9;TRUE;;ept;peak;One slope D = 0.95 AU;best;;;-1.9;-2.5;1000.0;7,16;0.1;0.12;TRUE;20
2021-05-22-0648-all-fit-variables_ept-peak-best-l2-5min-sun.csv;0;22.5.2021;5min;sun;l2;0.95;TRUE;TRUE;TRUE;3;0.5;0.9;TRUE;;ept;peak;One slope D = 0.95 AU;best;;;-1.9;-2.5;1000.0;7,16;1;0.12;TRUE;20
2021-05-22-0648-all-fit-variables_ept_het-peak-best-l2-1min-sun.csv;0;22.5.2021;1min;sun;l2;0.95;TRUE;TRUE;TRUE;3;0.5;0.9;TRUE;;ept_het;peak;One slope D = 0.95 AU;best;;;-1.9;-2.5;1000.0;7,16;0.1;0.12;TRUE;20
2021-05-22-0648-all-fit-variables_ept_het-peak-best-l2-2min-sun.csv;0;22.5.2021;2min;sun;l2;0.95;TRUE;TRUE;TRUE;3;0.5;0.9;TRUE;;ept_het;peak;One slope D = 0.95 AU;best;;;-1.9;-2.5;1000.0;7,16;0.1;0.12;TRUE;20
2021-05-22-0648-all-fit-variables_ept_het-peak-best-l2-5min-sun.csv;0;22.5.2021;5min;sun;l2;0.95;TRUE;TRUE;TRUE;3;0.5;0.9;TRUE;;ept_het;peak;One slope D = 0.95 AU;best;;;-1.9;-2.5;1000.0;7,16;0.1;0.12;TRUE;20
2021-05-22-0648-all-fit-variables_step-peak-best-l2-1min-sun.csv;0;22.5.2021;1min;sun;l2;0.95;TRUE;TRUE;TRUE;3;0.5;0.9;TRUE;;step;peak;One slope D = 0.95 AU;best;;;-1.9;-2.5;1000.0;7,16;0.1;0.12;TRUE;20
2021-05-22-0648-all-fit-variables_step-peak-best-l2-2min-sun.csv;0;22.5.2021;2min;sun;l2;0.95;TRUE;TRUE;TRUE;3;0.5;0.9;TRUE;;step;peak;One slope D = 0.95 AU;best;;;-1.9;-2.5;1000.0;7,16;0.1;0.12;TRUE;20
2021-05-22-0648-all-fit-variables_step-peak-best-l2-5min-sun.csv;0;22.5.2021;5min;sun;l2;0.95;TRUE;TRUE;TRUE;3;0.5;0.9;TRUE;;step;peak;One slope D = 0.95 AU;best;;;-1.9;-2.5;1000.0;7,16;0.1;0.12;TRUE;20
2021-05-22-0648-all-fit-variables_step_ept-peak-best-l2-1min-sun.csv;0;22.5.2021;1min;sun;l2;0.95;TRUE;TRUE;TRUE;3;0.5;0.9;TRUE;;step_ept;peak;One slope D = 0.95 AU;best;;;-1.9;-2.5;1000.0;7,16;0.1;0.12;TRUE;20
2021-05-22-0648-all-fit-variables_step_ept-peak-best-l2-2min-sun.csv;0;22.5.2021;2min;sun;l2;0.95;TRUE;TRUE;TRUE;3;0.5;0.9;TRUE;;step_ept;peak;One slope D = 0.95 AU;best;;;-1.9;-2.5;1000.0;7,16;0.1;0.12;TRUE;20
2021-05-22-0648-all-fit-variables_step_ept-peak-best-l2-5min-sun.csv;0;22.5.2021;5min;sun;l2;0.95;TRUE;TRUE;TRUE;3;0.5;0.9;TRUE;;step_ept;peak;One slope D = 0.95 AU;best;;;-1.9;-2.5;1000.0;7,16;0.1;0.12;TRUE;20
2021-05-22-0648-all-fit-variables_step_ept_het-peak-best-l2-1min-sun.csv;0;22.5.2021;1min;sun;l2;0.95;TRUE;TRUE;TRUE;3;0.5;0.9;TRUE;;step_ept_het;peak;One slope D = 0.95 AU;best;;;-1.9;-2.5;1000.0;7,16;0.1;0.12;TRUE;20
2021-05-22-0648-all-fit-variables_step_ept_het-peak-best-l2-2min-sun.csv;0;22.5.2021;2min;sun;l2;0.95;TRUE;TRUE;TRUE;3;0.5;0.9;TRUE;;step_ept_het;peak;One slope D = 0.95 AU;best;;;-1.9;-2.5;1000.0;7,16;0.1;0.12;TRUE;20
2021-05-22-0648-all-fit-variables_step_ept_het-peak-best-l2-5min-sun.csv;0;22.5.2021;5min;sun;l2;0.95;TRUE;TRUE;TRUE;3;0.5;0.9;TRUE;;step_ept_het;peak;One slope D = 0.95 AU;best;;;-1.9;-2.5;1000.0;7,16;0.1;0.12;TRUE;20
2021-05-22-1553-all-fit-variables_ept-peak-best-l2-1min-sun.csv;0;22.5.2021;1min;sun;l2;0.95;TRUE;TRUE;TRUE;3;0.5;0.9;TRUE;;ept;peak;One slope D = 0.95 AU;best;;;-1.9;-2.5;1000.0;7,16;0.1;0.12;TRUE;20
2021-05-22-1553-all-fit-variables_ept-peak-best-l2-2min-sun.csv;0;22.5.2021;2min;sun;l2;0.95;TRUE;TRUE;TRUE;3;0.5;0.9;TRUE;;ept;peak;One slope D = 0.95 AU;best;;;-1.9;-2.5;1000.0;7,16;0.1;0.12;TRUE;20
2021-05-22-1553-all-fit-variables_ept-peak-best-l2-5min-sun.csv;0;22.5.2021;5min;sun;l2;0.95;TRUE;TRUE;TRUE;3;0.5;0.9;TRUE;;ept;peak;One slope D = 0.95 AU;best;;;-1.9;-2.5;1000.0;7,16;0.1;0.12;TRUE;20
2021-05-22-1553-all-fit-variables_ept-peak-single-l2-1min-sun.csv;0;22.5.2021;1min;sun;l2;0.95;TRUE;TRUE;TRUE;3;0.5;0.9;TRUE;;ept;peak;One slope D = 0.95 AU;single;;;-1.9;-2.5;1000.0;7,16;0.1;0.12;TRUE;20
2021-05-22-1553-all-fit-variables_step-peak-best-l2-1min-sun.csv;0;22.5.2021;1min;sun;l2;0.95;TRUE;TRUE;TRUE;3;0.5;0.9;TRUE;;step;peak;One slope D = 0.95 AU;best;;;-1.9;-2.5;1000.0;7,16;0.1;0.12;TRUE;20
2021-05-22-1553-all-fit-variables_step-peak-best-l2-2min-sun.csv;0;22.5.2021;2min;sun;l2;0.95;TRUE;TRUE;TRUE;3;0.5;0.9;TRUE;;step;peak;One slope D = 0.95 AU;best;;;-1.9;-2.5;1000.0;7,16;0.1;0.12;TRUE;20
2021-05-22-1553-all-fit-variables_step-peak-best-l2-5min-sun.csv;0;22.5.2021;5min;sun;l2;0.95;TRUE;TRUE;TRUE;3;0.5;0.9;TRUE;;step;peak;One slope D = 0.95 AU;best;;;-1.9;-2.5;1000.0;7,16;0.1;0.12;TRUE;20
2021-05-22-1553-all-fit-variables_step_ept-peak-best-l2-1min-sun.csv;0;22.5.2021;1min;sun;l2;0.95;TRUE;TRUE;TRUE;3;0.5;0.9;TRUE;;step_ept;peak;One slope D = 0.95 AU;best;;;-1.9;-2.5;1000.0;7,16;0.1;0.12;TRUE;20
2021-05-22-1553-all-fit-variables_step_ept-peak-best-l2-2min-sun.csv;0;22.5.2021;2min;sun;l2;0.95;TRUE;TRUE;TRUE;3;0.5;0.9;TRUE;;step_ept;peak;One slope D = 0.95 AU;best;;;-1.9;-2.5;1000.0;7,16;0.1;0.12;TRUE;20
2021-05-22-1553-all-fit-variables_step_ept-peak-best-l2-5min-sun.csv;0;22.5.2021;5min;sun;l2;0.95;TRUE;TRUE;TRUE;3;0.5;0.9;TRUE;;step_ept;peak;One slope D = 0.95 AU;best;;;-1.9;-2.5;1000.0;7,16;0.1;0.12;TRUE;20
2021-05-22-2131-all-fit-variables_ept-peak-best-l2-1min-sun.csv;0;22.5.2021;1min;sun;l2;0.95;TRUE;TRUE;TRUE;3;0.5;0.9;TRUE;;ept;peak;One slope D = 0.95 AU;best;;;-1.9;-2.5;1000.0;7,16;0.1;0.12;TRUE;20
2021-05-22-2131-all-fit-variables_ept-peak-best-l2-2min-sun.csv;0;22.5.2021;2min;sun;l2;0.95;TRUE;TRUE;TRUE;3;0.5;0.9;TRUE;;ept;peak;One slope D = 0.95 AU;best;;;-1.9;-2.5;1000.0;7,16;0.1;0.12;TRUE;20
2021-05-22-2131-all-fit-variables_ept-peak-best-l2-5min-sun.csv;0;22.5.2021;5min;sun;l2;0.95;TRUE;TRUE;TRUE;3;0.5;0.9;TRUE;;ept;peak;One slope D = 0.95 AU;best;;;-1.9;-2.5;1000.0;7,16;0.1;0.12;TRUE;20
2021-05-22-2131-all-fit-variables_ept_het-peak-best-l2-1min-sun.csv;0;22.5.2021;1min;sun;l2;0.95;TRUE;TRUE;TRUE;3;0.5;0.9;TRUE;;ept_het;peak;One slope D = 0.95 AU;best;;;-1.9;-2.5;1000.0;7,16;0.1;0.12;TRUE;20
2021-05-22-2131-all-fit-variables_ept_het-peak-best-l2-2min-sun.csv;0;22.5.2021;2min;sun;l2;0.95;TRUE;TRUE;TRUE;3;0.5;0.9;TRUE;;ept_het;peak;One slope D = 0.95 AU;best;;;-1.9;-2.5;1000.0;7,16;0.1;0.12;TRUE;20
2021-05-22-2131-all-fit-variables_ept_het-peak-best-l2-5min-sun.csv;0;22.5.2021;5min;sun;l2;0.95;TRUE;TRUE;TRUE;3;0.5;0.9;TRUE;;ept_het;peak;One slope D = 0.95 AU;best;;;-1.9;-2.5;1000.0;7,16;0.1;0.12;TRUE;20
2021-05-22-2131-all-fit-variables_step-peak-best-l2-1min-sun.csv;0;22.5.2021;1min;sun;l2;0.95;TRUE;TRUE;TRUE;3;0.5;0.9;TRUE;;step;peak;One slope D = 0.95 AU;best;;;-1.9;-2.5;1000.0;7,16;0.1;0.12;TRUE;20
2021-05-22-2131-all-fit-variables_step-peak-best-l2-2min-sun.csv;0;22.5.2021;2min;sun;l2;0.95;TRUE;TRUE;TRUE;3;0.5;0.9;TRUE;;step;peak;One slope D = 0.95 AU;best;;;-1.9;-2.5;1000.0;7,16;0.1;0.12;TRUE;20
2021-05-22-2131-all-fit-variables_step-peak-best-l2-5min-sun.csv;0;22.5.2021;5min;sun;l2;0.95;TRUE;TRUE;TRUE;3;0.5;0.9;TRUE;;step;peak;One slope D = 0.95 AU;best;;;-1.9;-2.5;1000.0;7,16;0.1;0.12;TRUE;20
2021-05-22-2131-all-fit-variables_step_ept-peak-best-l2-1min-sun.csv;0;22.5.2021;1min;sun;l2;0.95;TRUE;TRUE;TRUE;3;0.5;0.9;TRUE;;step_ept;peak;One slope D = 0.95 AU;best;;;-1.9;-2.5;1000.0;7,16;0.1;0.12;TRUE;20
2021-05-22-2131-all-fit-variables_step_ept-peak-best-l2-2min-sun.csv;0;22.5.2021;2min;sun;l2;0.95;TRUE;TRUE;TRUE;3;0.5;0.9;TRUE;;step_ept;peak;One slope D = 0.95 AU;best;;;-1.9;-2.5;1000.0;7,16;0.1;0.12;TRUE;20
2021-05-22-2131-all-fit-variables_step_ept-peak-best-l2-5min-sun.csv;0;22.5.2021;5min;sun;l2;0.95;TRUE;TRUE;TRUE;3;0.5;0.9;TRUE;;step_ept;peak;One slope D = 0.95 AU;best;;;-1.9;-2.5;1000.0;7,16;0.1;0.12;TRUE;20
2021-05-22-2131-all-fit-variables_step_ept_het-peak-best-l2-1min-sun.csv;0;22.5.2021;1min;sun;l2;0.95;TRUE;TRUE;TRUE;3;0.5;0.9;TRUE;;step_ept_het;peak;One slope D = 0.95 AU;best;;;-1.9;-2.5;1000.0;7,16;0.1;0.12;TRUE;20
2021-05-22-2131-all-fit-variables_step_ept_het-peak-best-l2-2min-sun.csv;0;22.5.2021;2min;sun;l2;0.95;TRUE;TRUE;TRUE;3;0.5;0.9;TRUE;;step_ept_het;peak;One slope D = 0.95 AU;best;;;-1.9;-2.5;1000.0;7,16;0.1;0.12;TRUE;20
2021-05-22-2131-all-fit-variables_step_ept_het-peak-best-l2-5min-sun.csv;0;22.5.2021;5min;sun;l2;0.95;TRUE;TRUE;TRUE;3;0.5;0.9;TRUE;;step_ept_het;peak;One slope D = 0.95 AU;best;;;-1.9;-2.5;1000.0;7,16;0.1;0.12;TRUE;20
2021-05-23-0434-all-fit-variables_ept-peak-best-l2-1min-sun.csv;0;23.5.2021;1min;sun;l2;0.95;TRUE;TRUE;TRUE;3;0.5;0.9;TRUE;;ept;peak;One slope D = 0.95 AU;best;;;-1.9;-2.5;1000.0;7,16;0.1;0.12;TRUE;20
2021-05-23-0434-all-fit-variables_ept-peak-best-l2-2min-sun.csv;0;23.5.2021;2min;sun;l2;0.95;TRUE;TRUE;TRUE;3;0.5;0.9;TRUE;;ept;peak;One slope D = 0.95 AU;best;;;-1.9;-2.5;1000.0;7,16;0.1;0.12;TRUE;20
2021-05-23-0434-all-fit-variables_ept-peak-best-l2-5min-sun.csv;0;23.5.2021;5min;sun;l2;0.95;TRUE;TRUE;TRUE;3;0.5;0.9;TRUE;;ept;peak;One slope D = 0.95 AU;best;;;-1.9;-2.5;1000.0;7,16;0.1;0.12;TRUE;20
2021-05-23-0434-all-fit-variables_ept_het-peak-best-l2-1min-sun.csv;0;23.5.2021;1min;sun;l2;0.95;TRUE;TRUE;TRUE;3;0.5;0.9;TRUE;;ept_het;peak;One slope D = 0.95 AU;best;;;-1.9;-2.5;1000.0;7,16;0.1;0.12;TRUE;20
2021-05-23-0434-all-fit-variables_ept_het-peak-best-l2-2min-sun.csv;0;23.5.2021;2min;sun;l2;0.95;TRUE;TRUE;TRUE;3;0.5;0.9;TRUE;;ept_het;peak;One slope D = 0.95 AU;best;;;-1.9;-2.5;1000.0;7,16;0.1;0.12;TRUE;20
2021-05-23-0434-all-fit-variables_ept_het-peak-best-l2-5min-sun.csv;0;23.5.2021;5min;sun;l2;0.95;TRUE;TRUE;TRUE;3;0.5;0.9;TRUE;;ept_het;peak;One slope D = 0.95 AU;best;;;-1.9;-2.5;1000.0;7,16;0.1;0.12;TRUE;20
2021-05-23-0434-all-fit-variables_step-peak-best-l2-5min-sun.csv;0;23.5.2021;5min;sun;l2;0.95;TRUE;TRUE;TRUE;3;0.5;0.9;TRUE;;step;peak;One slope D = 0.95 AU;best;0.3;;-1.9;-2.5;1000.0;7,16;0.1;0.12;TRUE;20
2021-05-23-0434-all-fit-variables_step_ept-peak-best-l2-1min-sun.csv;0;23.5.2021;1min;sun;l2;0.95;TRUE;TRUE;TRUE;3;0.5;0.9;TRUE;;step_ept;peak;One slope D = 0.95 AU;best;0.03;;-1.9;-2.5;1000.0;7,16;0.1;0.12;TRUE;20
2021-05-23-0434-all-fit-variables_step_ept-peak-best-l2-2min-sun.csv;0;23.5.2021;2min;sun;l2;0.95;TRUE;TRUE;TRUE;3;0.5;0.9;TRUE;;step_ept;peak;One slope D = 0.95 AU;best;0.03;;-1.9;-2.5;1000.0;7,16;0.1;0.12;TRUE;20
2021-05-23-0434-all-fit-variables_step_ept-peak-best-l2-5min-sun.csv;0;23.5.2021;5min;sun;l2;0.95;TRUE;TRUE;TRUE;3;0.5;0.9;TRUE;;step_ept;peak;One slope D = 0.95 AU;best;0.03;;-1.9;-2.5;1000.0;7,16;0.1;0.12;TRUE;20
2021-05-23-0434-all-fit-variables_step_ept_het-peak-best-l2-1min-sun.csv;0;23.5.2021;1min;sun;l2;0.95;TRUE;TRUE;TRUE;3;0.5;0.9;TRUE;;step_ept_het;peak;One slope D = 0.95 AU;best;0.03;;-1.9;-2.5;1000.0;7,16;0.1;0.12;TRUE;20
2021-05-23-0434-all-fit-variables_step_ept_het-peak-best-l2-2min-sun.csv;0;23.5.2021;2min;sun;l2;0.95;TRUE;TRUE;TRUE;3;0.5;0.9;TRUE;;step_ept_het;peak;One slope D = 0.95 AU;best;0.03;;-1.9;-2.5;1000.0;7,16;0.1;0.12;TRUE;20
2021-05-23-0434-all-fit-variables_step_ept_het-peak-best-l2-5min-sun.csv;0;23.5.2021;5min;sun;l2;0.95;TRUE;TRUE;TRUE;3;0.5;0.9;TRUE;;step_ept_het;peak;One slope D = 0.95 AU;best;0.03;;-1.9;-2.5;1000.0;7,16;0.1;0.12;TRUE;20
2021-05-23-0919-all-fit-variables_ept-peak-best-l2-1min-sun.csv;0;23.5.2021;1min;sun;l2;0.95;TRUE;TRUE;TRUE;3;0.5;0.9;TRUE;;ept;peak;One slope D = 0.95 AU;best;;;-1.9;-2.5;1000.0;7,16;0.1;0.12;TRUE;20
2021-05-23-0919-all-fit-variables_ept-peak-best-l2-2min-sun.csv;0;23.5.2021;2min;sun;l2;0.95;TRUE;TRUE;TRUE;3;0.5;0.9;TRUE;;ept;peak;One slope D = 0.95 AU;best;0.044;;-1.9;-2.5;1000.0;7,16;0.1;0.12;TRUE;20
2021-05-23-0919-all-fit-variables_ept-peak-best-l2-5min-sun.csv;0;23.5.2021;5min;sun;l2;0.95;TRUE;TRUE;TRUE;3;0.5;0.9;TRUE;;ept;peak;One slope D = 0.95 AU;best;;;-1.9;-2.5;1000.0;7,16;0.1;0.12;TRUE;20
2021-05-23-0919-all-fit-variables_step-peak-best-l2-1min-sun.csv;0;23.5.2021;1min;sun;l2;0.95;TRUE;TRUE;TRUE;3;0.5;0.9;TRUE;;step;peak;One slope D = 0.95 AU;best;;;-1.9;-2.5;1000.0;7,16;0.1;0.12;TRUE;20
2021-05-23-0919-all-fit-variables_step-peak-best-l2-2min-sun.csv;0;23.5.2021;2min;sun;l2;0.95;TRUE;TRUE;TRUE;3;0.5;0.9;TRUE;;step;peak;One slope D = 0.95 AU;best;;;-1.9;-2.5;1000.0;7,16;0.1;0.12;TRUE;20
2021-05-23-0919-all-fit-variables_step-peak-best-l2-5min-sun.csv;0;23.5.2021;5min;sun;l2;0.95;TRUE;TRUE;TRUE;3;0.5;0.9;TRUE;;step;peak;One slope D = 0.95 AU;best;;;-1.9;-2.5;1000.0;7,16;0.1;0.12;TRUE;20
2021-05-23-0919-all-fit-variables_step_ept-peak-best-l2-1min-sun.csv;0;23.5.2021;1min;sun;l2;0.95;TRUE;TRUE;TRUE;3;0.5;0.9;TRUE;;step_ept;peak;One slope D = 0.95 AU;best;;;-1.9;-2.5;1000.0;7,16;0.1;0.12;TRUE;20
2021-05-23-0919-all-fit-variables_step_ept-peak-best-l2-2min-sun.csv;0;23.5.2021;2min;sun;l2;0.95;TRUE;TRUE;TRUE;3;0.5;0.9;TRUE;;step_ept;peak;One slope D = 0.95 AU;best;;;-1.9;-2.5;1000.0;7,16;0.1;0.12;TRUE;20
2021-05-23-0919-all-fit-variables_step_ept-peak-best-l2-5min-sun.csv;0;23.5.2021;5min;sun;l2;0.95;TRUE;TRUE;TRUE;3;0.5;0.9;TRUE;;step_ept;peak;One slope D = 0.95 AU;best;;;-1.9;-2.5;1000.0;7,16;0.1;0.12;TRUE;20
2021-05-23-1103-all-fit-variables_ept-peak-best-l2-1min-sun.csv;0;23.5.2021;1min;sun;l2;0.95;TRUE;TRUE;TRUE;3;0.5;0.9;TRUE;;ept;peak;One slope D = 0.95 AU;best;;;-1.9;-2.5;1000.0;7,16;0.1;0.12;TRUE;20
2021-05-23-1103-all-fit-variables_ept-peak-best-l2-2min-sun.csv;0;23.5.2021;2min;sun;l2;0.95;TRUE;TRUE;TRUE;3;0.5;0.9;TRUE;;ept;peak;One slope D = 0.95 AU;best;;;-1.9;-2.5;1000.0;7,16;0.1;0.12;TRUE;20
2021-05-23-1103-all-fit-variables_ept-peak-best-l2-5min-sun.csv;0;23.5.2021;5min;sun;l2;0.95;TRUE;TRUE;TRUE;3;0.5;0.9;TRUE;;ept;peak;One slope D = 0.95 AU;best;;;-1.9;-2.5;1000.0;7,16;0.1;0.12;TRUE;20
2021-05-23-1103-all-fit-variables_ept_het-peak-best-l2-1min-sun.csv;0;23.5.2021;1min;sun;l2;0.95;TRUE;TRUE;TRUE;3;0.5;0.9;TRUE;;ept_het;peak;One slope D = 0.95 AU;best;;;-1.9;-2.5;1000.0;7,16;0.1;0.12;TRUE;20
2021-05-23-1103-all-fit-variables_ept_het-peak-best-l2-2min-sun.csv;0;23.5.2021;2min;sun;l2;0.95;TRUE;TRUE;TRUE;3;0.5;0.9;TRUE;;ept_het;peak;One slope D = 0.95 AU;best;;;-1.9;-2.5;1000.0;7,16;0.1;0.12;TRUE;20
2021-05-23-1103-all-fit-variables_ept_het-peak-best-l2-5min-sun.csv;0;23.5.2021;5min;sun;l2;0.95;TRUE;TRUE;TRUE;3;0.5;0.9;TRUE;;ept_het;peak;One slope D = 0.95 AU;best;;;-1.9;-2.5;1000.0;7,16;0.1;0.12;TRUE;20
2021-05-23-1103-all-fit-variables_step-peak-best-l2-1min-sun.csv;0;23.5.2021;1min;sun;l2;0.95;TRUE;TRUE;TRUE;3;0.5;0.9;TRUE;;step;peak;One slope D = 0.95 AU;best;;;-1.9;-2.5;1000.0;7,16;0.1;0.12;TRUE;20
2021-05-23-1103-all-fit-variables_step-peak-best-l2-2min-sun.csv;0;23.5.2021;2min;sun;l2;0.95;TRUE;TRUE;TRUE;3;0.5;0.9;TRUE;;step;peak;One slope D = 0.95 AU;best;;;-1.9;-2.5;1000.0;7,16;0.1;0.12;TRUE;20
2021-05-23-1103-all-fit-variables_step-peak-best-l2-5min-sun.csv;0;23.5.2021;5min;sun;l2;0.95;TRUE;TRUE;TRUE;3;0.5;0.9;TRUE;;step;peak;One slope D = 0.95 AU;best;;;-1.9;-2.5;1000.0;7,16;0.1;0.12;TRUE;20
2021-05-23-1103-all-fit-variables_step_ept-peak-best-l2-1min-sun.csv;0;23.5.2021;1min;sun;l2;0.95;TRUE;TRUE;TRUE;3;0.5;0.9;TRUE;;step_ept;peak;One slope D = 0.95 AU;best;;;-1.9;-2.5;1000.0;7,16;0.1;0.12;TRUE;20
2021-05-23-1103-all-fit-variables_step_ept-peak-best-l2-2min-sun.csv;0;23.5.2021;2min;sun;l2;0.95;TRUE;TRUE;TRUE;3;0.5;0.9;TRUE;;step_ept;peak;One slope D = 0.95 AU;best;;;-1.9;-2.5;1000.0;7,16;0.1;0.12;TRUE;20
2021-05-23-1103-all-fit-variables_step_ept-peak-best-l2-5min-sun.csv;0;23.5.2021;5min;sun;l2;0.95;TRUE;TRUE;TRUE;3;0.5;0.9;TRUE;;step_ept;peak;One slope D = 0.95 AU;best;;;-1.9;-2.5;1000.0;7,16;0.1;0.12;TRUE;20
2021-05-23-1103-all-fit-variables_step_ept_het-peak-best-l2-1min-sun.csv;0;23.5.2021;1min;sun;l2;0.95;TRUE;TRUE;TRUE;3;0.5;0.9;TRUE;;step_ept_het;peak;One slope D = 0.95 AU;best;;;-1.9;-2.5;1000.0;7,16;0.1;0.12;TRUE;20
2021-05-23-1103-all-fit-variables_step_ept_het-peak-best-l2-2min-sun.csv;0;23.5.2021;2min;sun;l2;0.95;TRUE;TRUE;TRUE;3;0.5;0.9;TRUE;;step_ept_het;peak;One slope D = 0.95 AU;best;;;-1.9;-2.5;1000.0;7,16;0.1;0.12;TRUE;20
2021-05-23-1103-all-fit-variables_step_ept_het-peak-best-l2-5min-sun.csv;0;23.5.2021;5min;sun;l2;0.95;TRUE;TRUE;TRUE;3;0.5;0.9;TRUE;;step_ept_het;peak;One slope D = 0.95 AU;best;;;-1.9;-2.5;1000.0;7,16;0.1;0.12;TRUE;20
2021-07-23-0025-all-fit-variables_ept-peak-best-l2-1min-sun.csv;0;23.7.2021;1min;sun;l2;0.82;TRUE;TRUE;TRUE;3;0.5;0.9;TRUE;;ept;peak;One slope D = 0.64 AU;best;;;-1.9;-2.5;1000.0;7,16;0.1;0.12;TRUE;20
2021-07-23-0025-all-fit-variables_ept-peak-best-l2-2min-sun.csv;0;23.7.2021;2min;sun;l2;0.82;TRUE;TRUE;TRUE;3;0.5;0.9;TRUE;;ept;peak;One slope D = 0.64 AU;best;0.04;;-1.9;-2.5;1000.0;7,16;0.1;0.12;TRUE;20
2021-07-23-0025-all-fit-variables_ept-peak-best-l2-5min-sun.csv;0;23.7.2021;5min;sun;l2;0.82;TRUE;TRUE;TRUE;3;0.5;0.9;TRUE;;ept;peak;One slope D = 0.64 AU;best;0.04;;-1.9;-2.5;1000.0;7,16;0.1;0.12;TRUE;20
2021-07-23-0025-all-fit-variables_step-peak-best-l2-1min-sun.csv;0;23.7.2021;1min;sun;l2;0.82;TRUE;TRUE;TRUE;3;0.5;0.9;TRUE;;step;peak;One slope D = 0.64 AU;best;;;-1.9;-2.5;1000.0;7,16;0.1;0.12;TRUE;20
2021-07-23-0025-all-fit-variables_step-peak-best-l2-2min-sun.csv;0;23.7.2021;2min;sun;l2;0.82;TRUE;TRUE;TRUE;3;0.5;0.9;TRUE;;step;peak;One slope D = 0.64 AU;best;;;-1.9;-2.5;1000.0;7,16;0.1;0.12;TRUE;20
2021-07-23-0025-all-fit-variables_step-peak-best-l2-5min-sun.csv;0;23.7.2021;5min;sun;l2;0.82;TRUE;TRUE;TRUE;3;0.5;0.9;TRUE;;step;peak;One slope D = 0.64 AU;best;;;-1.9;-2.5;1000.0;7,16;0.1;0.12;TRUE;20
2021-07-23-0025-all-fit-variables_step_ept-peak-best-l2-1min-sun.csv;0;23.7.2021;1min;sun;l2;0.82;TRUE;TRUE;TRUE;3;0.5;0.9;TRUE;;step_ept;peak;One slope D = 0.64 AU;best;;;-1.9;-2.5;1000.0;7,16;0.1;0.12;TRUE;20
2021-07-23-0025-all-fit-variables_step_ept-peak-best-l2-2min-sun.csv;0;23.7.2021;2min;sun;l2;0.82;TRUE;TRUE;TRUE;3;0.5;0.9;TRUE;;step_ept;peak;One slope D = 0.64 AU;best;;;-1.9;-2.5;1000.0;7,16;0.1;0.12;TRUE;20
2021-07-23-0025-all-fit-variables_step_ept-peak-best-l2-5min-sun.csv;0;23.7.2021;5min;sun;l2;0.82;TRUE;TRUE;TRUE;3;0.5;0.9;TRUE;;step_ept;peak;One slope D = 0.64 AU;best;;;-1.9;-2.5;1000.0;7,16;0.1;0.12;TRUE;20
2021-08-26-1807-all-fit-variables_ept-peak-best-l2-1min-sun.csv;0;26.8.2021;1min;sun;l2;0.63;TRUE;TRUE;TRUE;3;0.5;0.9;TRUE;;ept;peak;One slope D = 0.63 AU;best;;;-1.9;-2.5;1000.0;7,16;0.1;0.12;TRUE;20
2021-08-26-1807-all-fit-variables_ept-peak-best-l2-2min-sun.csv;0;26.8.2021;2min;sun;l2;0.63;TRUE;TRUE;TRUE;3;0.5;0.9;TRUE;;ept;peak;One slope D = 0.64 AU;best;;;-1.9;-2.5;1000.0;7,16;0.1;0.12;TRUE;20
2021-08-26-1807-all-fit-variables_ept-peak-best-l2-5min-sun.csv;0;26.8.2021;5min;sun;l2;0.63;TRUE;TRUE;TRUE;3;0.5;0.9;TRUE;;ept;peak;One slope D = 0.64 AU;best;;;-1.9;-2.5;1000.0;7,16;0.1;0.12;TRUE;20
2021-08-26-1807-all-fit-variables_ept_het-peak-best-l2-1min-sun.csv;0;26.8.2021;1min;sun;l2;0.63;TRUE;TRUE;TRUE;3;0.5;0.9;TRUE;;ept_het;peak;One slope D = 0.63 AU;best;;;-1.9;-2.5;1000.0;7,16;0.1;0.12;TRUE;20
2021-08-26-1807-all-fit-variables_ept_het-peak-best-l2-2min-sun.csv;0;26.8.2021;2min;sun;l2;0.63;TRUE;TRUE;TRUE;3;0.5;0.9;TRUE;;ept_het;peak;One slope D = 0.64 AU;best;;;-1.9;-2.5;1000.0;7,16;0.1;0.12;TRUE;20
2021-08-26-1807-all-fit-variables_ept_het-peak-best-l2-5min-sun.csv;0;26.8.2021;5min;sun;l2;0.63;TRUE;TRUE;TRUE;3;0.5;0.9;TRUE;;ept_het;peak;One slope D = 0.64 AU;best;;;-1.9;-2.5;1000.0;7,16;0.1;0.12;TRUE;20
2021-08-26-1807-all-fit-variables_step-peak-best-l2-1min-sun.csv;0;26.8.2021;1min;sun;l2;0.63;TRUE;TRUE;TRUE;3;0.5;0.9;TRUE;;step;peak;One slope D = 0.63 AU;best;;;-1.9;-2.5;1000.0;7,16;0.1;0.12;TRUE;20
2021-08-26-1807-all-fit-variables_step-peak-best-l2-2min-sun.csv;0;26.8.2021;2min;sun;l2;0.63;TRUE;TRUE;TRUE;3;0.5;0.9;TRUE;;step;peak;One slope D = 0.64 AU;best;;;-1.9;-2.5;1000.0;7,16;0.1;0.12;TRUE;20
2021-08-26-1807-all-fit-variables_step-peak-best-l2-5min-sun.csv;0;26.8.2021;5min;sun;l2;0.63;TRUE;TRUE;TRUE;3;0.5;0.9;TRUE;;step;peak;One slope D = 0.64 AU;best;;;-1.9;-2.5;1000.0;7,16;0.1;0.12;TRUE;20
2021-08-26-1807-all-fit-variables_step_ept-peak-best-l2-1min-sun.csv;0;26.8.2021;1min;sun;l2;0.63;TRUE;TRUE;TRUE;3;0.5;0.9;TRUE;;step_ept;peak;One slope D = 0.63 AU;best;;;-1.9;-2.5;1000.0;7,16;0.1;0.12;TRUE;20
2021-08-26-1807-all-fit-variables_step_ept-peak-best-l2-2min-sun.csv;0;26.8.2021;2min;sun;l2;0.63;TRUE;TRUE;TRUE;3;0.5;0.9;TRUE;;step_ept;peak;One slope D = 0.64 AU;best;;;-1.9;-2.5;1000.0;7,16;0.1;0.12;TRUE;20
2021-08-26-1807-all-fit-variables_step_ept-peak-best-l2-5min-sun.csv;0;26.8.2021;5min;sun;l2;0.63;TRUE;TRUE;TRUE;3;0.5;0.9;TRUE;;step_ept;peak;One slope D = 0.64 AU;best;;;-1.9;-2.5;1000.0;7,16;0.1;0.12;TRUE;20
2021-08-26-1807-all-fit-variables_step_ept_het-peak-best-l2-1min-sun.csv;0;26.8.2021;1min;sun;l2;0.63;TRUE;TRUE;TRUE;3;0.5;0.9;TRUE;;step_ept_het;peak;One slope D = 0.63 AU;best;;;-1.9;-2.5;1000.0;7,16;0.1;0.12;TRUE;20
2021-08-26-1807-all-fit-variables_step_ept_het-peak-best-l2-2min-sun.csv;0;26.8.2021;2min;sun;l2;0.63;TRUE;TRUE;TRUE;3;0.5;0.9;TRUE;;step_ept_het;peak;One slope D = 0.64 AU;best;;;-1.9;-2.5;1000.0;7,16;0.1;0.12;TRUE;20
2021-08-26-1807-all-fit-variables_step_ept_het-peak-best-l2-5min-sun.csv;0;26.8.2021;5min;sun;l2;0.63;TRUE;TRUE;TRUE;3;0.5;0.9;TRUE;;step_ept_het;peak;One slope D = 0.64 AU;best;;;-1.9;-2.5;1000.0;7,16;0.1;0.12;TRUE;20
2021-08-26-2318-all-fit-variables_ept-peak-best-l2-1min-sun.csv;0;26.8.2021;1min;sun;l2;0.63;TRUE;TRUE;TRUE;3;0.5;0.9;TRUE;;ept;peak;One slope D = 0.63 AU;best;;;-1.9;-2.5;1000.0;7,16;0.1;0.12;TRUE;20
2021-08-26-2318-all-fit-variables_ept-peak-best-l2-2min-sun.csv;0;26.8.2021;2min;sun;l2;0.63;TRUE;TRUE;TRUE;3;0.5;0.9;TRUE;;ept;peak;One slope D = 0.63 AU;best;;;-1.9;-2.5;1000.0;7,16;0.1;0.12;TRUE;20
2021-08-26-2318-all-fit-variables_ept-peak-best-l2-5min-sun.csv;0;26.8.2021;5min;sun;l2;0.63;TRUE;TRUE;TRUE;3;0.5;0.9;TRUE;;ept;peak;One slope D = 0.63 AU;best;;;-1.9;-2.5;1000.0;7,16;0.1;0.12;TRUE;20
2021-08-26-2318-all-fit-variables_ept_het-peak-best-l2-1min-sun.csv;0;26.8.2021;1min;sun;l2;0.63;TRUE;TRUE;TRUE;3;0.5;0.9;TRUE;;ept_het;peak;One slope D = 0.63 AU;best;;;-1.9;-2.5;1000.0;7,16;0.1;0.12;TRUE;20
2021-08-26-2318-all-fit-variables_ept_het-peak-best-l2-2min-sun.csv;0;26.8.2021;2min;sun;l2;0.63;TRUE;TRUE;TRUE;3;0.5;0.9;TRUE;;ept_het;peak;One slope D = 0.63 AU;best;;;-1.9;-2.5;1000.0;7,16;0.1;0.12;TRUE;20
2021-08-26-2318-all-fit-variables_ept_het-peak-best-l2-5min-sun.csv;0;26.8.2021;5min;sun;l2;0.63;TRUE;TRUE;TRUE;3;0.5;0.9;TRUE;;ept_het;peak;One slope D = 0.63 AU;best;;;-1.9;-2.5;1000.0;7,16;0.1;0.12;TRUE;20
2021-08-26-2318-all-fit-variables_step-peak-best-l2-1min-sun.csv;0;26.8.2021;1min;sun;l2;0.63;TRUE;TRUE;TRUE;3;0.5;0.9;TRUE;;step;peak;One slope D = 0.63 AU;best;;;-1.9;-2.5;1000.0;7,16;0.1;0.12;TRUE;20
2021-08-26-2318-all-fit-variables_step-peak-best-l2-2min-sun.csv;0;26.8.2021;2min;sun;l2;0.63;TRUE;TRUE;TRUE;3;0.5;0.9;TRUE;;step;peak;One slope D = 0.63 AU;best;;;-1.9;-2.5;1000.0;7,16;0.1;0.12;TRUE;20
2021-08-26-2318-all-fit-variables_step-peak-best-l2-5min-sun.csv;0;26.8.2021;5min;sun;l2;0.63;TRUE;TRUE;TRUE;3;0.5;0.9;TRUE;;step;peak;One slope D = 0.63 AU;best;;;-1.9;-2.5;1000.0;7,16;0.1;0.12;TRUE;20
2021-08-26-2318-all-fit-variables_step_ept-peak-best-l2-1min-sun.csv;0;26.8.2021;1min;sun;l2;0.63;TRUE;TRUE;TRUE;3;0.5;0.9;TRUE;;step_ept;peak;One slope D = 0.63 AU;best;;;-1.9;-2.5;1000.0;7,16;0.1;0.12;TRUE;20
2021-08-26-2318-all-fit-variables_step_ept-peak-best-l2-2min-sun.csv;0;26.8.2021;2min;sun;l2;0.63;TRUE;TRUE;TRUE;3;0.5;0.9;TRUE;;step_ept;peak;One slope D = 0.63 AU;best;;;-1.9;-2.5;1000.0;7,16;0.1;0.12;TRUE;20
2021-08-26-2318-all-fit-variables_step_ept-peak-best-l2-5min-sun.csv;0;26.8.2021;5min;sun;l2;0.63;TRUE;TRUE;TRUE;3;0.5;0.9;TRUE;;step_ept;peak;One slope D = 0.63 AU;best;;;-1.9;-2.5;1000.0;7,16;0.1;0.12;TRUE;20
2021-08-26-2318-all-fit-variables_step_ept_het-peak-best-l2-1min-sun.csv;0;26.8.2021;1min;sun;l2;0.63;TRUE;TRUE;TRUE;3;0.5;0.9;TRUE;;step_ept_het;peak;One slope D = 0.63 AU;best;;;-1.9;-2.5;1000.0;7,16;0.1;0.12;TRUE;20
2021-08-26-2318-all-fit-variables_step_ept_het-peak-best-l2-2min-sun.csv;0;26.8.2021;2min;sun;l2;0.63;TRUE;TRUE;TRUE;3;0.5;0.9;TRUE;;step_ept_het;peak;One slope D = 0.63 AU;best;;;-1.9;-2.5;1000.0;7,16;0.1;0.12;TRUE;20
2021-08-26-2318-all-fit-variables_step_ept_het-peak-best-l2-5min-sun.csv;0;26.8.2021;5min;sun;l2;0.63;TRUE;TRUE;TRUE;3;0.5;0.9;TRUE;;step_ept_het;peak;One slope D = 0.63 AU;best;;;-1.9;-2.5;1000.0;7,16;0.1;0.12;TRUE;20
2021-08-26-2318-all-fit-variables__ept-peak-best-l2-2min-sun.csv;0;26.8.2021;2min;sun;l2;0.63;TRUE;TRUE;TRUE;3;0.5;0.9;TRUE;;_ept;peak;One slope D = 0.63 AU;best;;;-1.9;-2.5;1000.0;7,16;0.1;0.12;TRUE;20
2021-08-28-0501-all-fit-variables_ept-peak-best-l2-1min-sun.csv;0;28.8.2021;1min;sun;l2;0.62;TRUE;TRUE;TRUE;3;0.5;0.9;TRUE;;ept;peak;One slope D = 0.62 AU;best;;0.3;-1.9;-2.5;1000.0;7,16;0.1;0.12;TRUE;20
2021-08-28-0501-all-fit-variables_ept-peak-best-l2-2min-sun.csv;0;28.8.2021;2min;sun;l2;0.62;TRUE;TRUE;TRUE;3;0.5;0.9;TRUE;;ept;peak;One slope D = 0.62 AU;best;;;-1.9;-2.5;1000.0;7,16;0.1;0.12;TRUE;20
2021-08-28-0501-all-fit-variables_ept-peak-best-l2-5min-sun.csv;0;28.8.2021;5min;sun;l2;0.62;TRUE;TRUE;TRUE;3;0.5;0.9;TRUE;;ept;peak;One slope D = 0.62 AU;best;;;-1.9;-2.5;1000.0;7,16;0.1;0.12;TRUE;20
2021-08-28-0501-all-fit-variables_ept_het-peak-best-l2-1min-sun.csv;0;28.8.2021;1min;sun;l2;0.62;TRUE;TRUE;TRUE;3;0.5;0.9;TRUE;;ept_het;peak;One slope D = 0.62 AU;best;0.04;;-1.9;-2.5;1000.0;7,16;0.1;0.12;TRUE;20
2021-08-28-0501-all-fit-variables_ept_het-peak-best-l2-2min-sun.csv;0;28.8.2021;2min;sun;l2;0.62;TRUE;TRUE;TRUE;3;0.5;0.9;TRUE;;ept_het;peak;One slope D = 0.62 AU;best;;;-1.9;-2.5;1000.0;7,16;0.1;0.12;TRUE;20
2021-08-28-0501-all-fit-variables_ept_het-peak-best-l2-5min-sun.csv;0;28.8.2021;5min;sun;l2;0.62;TRUE;TRUE;TRUE;3;0.5;0.9;TRUE;;ept_het;peak;One slope D = 0.62 AU;best;;;-1.9;-2.5;1000.0;7,16;0.1;0.12;TRUE;20
2021-08-28-0501-all-fit-variables_step-peak-best-l2-5min-sun.csv;0;28.8.2021;5min;sun;l2;0.62;TRUE;TRUE;TRUE;3;0.5;0.9;TRUE;;step;peak;One slope D = 0.62 AU;best;;;-1.9;-2.5;1000.0;7,16;0.1;0.12;TRUE;20
2021-08-28-0501-all-fit-variables_step_ept-peak-best-l2-1min-sun.csv;0;28.8.2021;1min;sun;l2;0.62;TRUE;TRUE;TRUE;3;0.5;0.9;TRUE;;step_ept;peak;One slope D = 0.62 AU;best;;;-1.9;-2.5;1000.0;7,16;0.1;0.12;TRUE;20
2021-08-28-0501-all-fit-variables_step_ept-peak-best-l2-2min-sun.csv;0;28.8.2021;2min;sun;l2;0.62;TRUE;TRUE;TRUE;3;0.5;0.9;TRUE;;step_ept;peak;One slope D = 0.62 AU;best;;;-1.9;-2.5;1000.0;7,16;0.1;0.12;TRUE;20
2021-08-28-0501-all-fit-variables_step_ept-peak-best-l2-5min-sun.csv;0;28.8.2021;5min;sun;l2;0.62;TRUE;TRUE;TRUE;3;0.5;0.9;TRUE;;step_ept;peak;One slope D = 0.62 AU;best;;;-1.9;-2.5;1000.0;7,16;0.1;0.12;TRUE;20
2021-08-28-0501-all-fit-variables_step_ept_het-peak-best-l2-1min-sun.csv;0;28.8.2021;1min;sun;l2;0.62;TRUE;TRUE;TRUE;3;0.5;0.9;TRUE;;step_ept_het;peak;One slope D = 0.62 AU;best;;;-1.9;-2.5;1000.0;7,16;0.1;0.12;TRUE;20
2021-08-28-0501-all-fit-variables_step_ept_het-peak-best-l2-2min-sun.csv;0;28.8.2021;2min;sun;l2;0.62;TRUE;TRUE;TRUE;3;0.5;0.9;TRUE;;step_ept_het;peak;One slope D = 0.62 AU;best;;;-1.9;-2.5;1000.0;7,16;0.1;0.12;TRUE;20
2021-08-28-0501-all-fit-variables_step_ept_het-peak-best-l2-5min-sun.csv;0;28.8.2021;5min;sun;l2;0.62;TRUE;TRUE;TRUE;3;0.5;0.9;TRUE;;step_ept_het;peak;One slope D = 0.62 AU;best;;;-1.9;-2.5;1000.0;7,16;0.1;0.12;TRUE;20
2021-09-28-0623-all-fit-variables_ept-peak-best-l2-1min-sun.csv;0;28.9.2021;1min;sun;l2;0.62;TRUE;TRUE;TRUE;3;0.5;0.9;TRUE;;ept;peak;One slope D = 0.62 AU;best;0.04;;-1.9;-2.5;1000.0;7,16;0.1;0.12;TRUE;20
2021-09-28-0623-all-fit-variables_ept-peak-best-l2-2min-sun.csv;0;28.9.2021;2min;sun;l2;0.62;TRUE;TRUE;TRUE;3;0.5;0.9;TRUE;;ept;peak;One slope D = 0.62 AU;best;0.04;0.3;-1.9;-2.5;1000.0;7,16;0.1;0.12;TRUE;20
2021-09-28-0623-all-fit-variables_ept-peak-best-l2-5min-sun.csv;0;28.9.2021;5min;sun;l2;0.62;TRUE;TRUE;TRUE;3;0.5;0.9;TRUE;;ept;peak;One slope D = 0.62 AU;best;0.04;0.3;-1.9;-2.5;1000.0;7,16;0.1;0.12;TRUE;20
2021-09-28-0623-all-fit-variables_ept_het-peak-best-l2-1min-sun.csv;0;28.9.2021;1min;sun;l2;0.62;TRUE;TRUE;TRUE;3;0.5;0.9;TRUE;;ept_het;peak;One slope D = 0.62 AU;best;0.04;;-1.9;-2.5;1000.0;7,16;0.1;0.12;TRUE;20
2021-09-28-0623-all-fit-variables_ept_het-peak-best-l2-2min-sun.csv;0;28.9.2021;2min;sun;l2;0.62;TRUE;TRUE;TRUE;3;0.5;0.9;TRUE;;ept_het;peak;One slope D = 0.62 AU;best;0.04;;-1.9;-2.5;1000.0;7,16;0.1;0.12;TRUE;20
2021-09-28-0623-all-fit-variables_ept_het-peak-best-l2-5min-sun.csv;0;28.9.2021;5min;sun;l2;0.62;TRUE;TRUE;TRUE;3;0.5;0.9;TRUE;;ept_het;peak;One slope D = 0.62 AU;best;0.04;;-1.9;-2.5;1000.0;7,16;0.1;0.12;TRUE;20
2021-09-28-0623-all-fit-variables_step-peak-best-l2-1min-sun.csv;0;28.9.2021;1min;sun;l2;0.62;TRUE;TRUE;TRUE;3;0.5;0.9;TRUE;;step;peak;One slope D = 0.62 AU;best;;0.075;-1.9;-2.5;1000.0;7,16;0.1;0.12;TRUE;20
2021-09-28-0623-all-fit-variables_step-peak-best-l2-2min-sun.csv;0;28.9.2021;2min;sun;l2;0.62;TRUE;TRUE;TRUE;3;0.5;0.9;TRUE;;step;peak;One slope D = 0.62 AU;best;;;-1.9;-2.5;1000.0;7,16;0.1;0.12;TRUE;20
2021-09-28-0623-all-fit-variables_step-peak-best-l2-5min-sun.csv;0;28.9.2021;5min;sun;l2;0.62;TRUE;TRUE;TRUE;3;0.5;0.9;TRUE;;step;peak;One slope D = 0.62 AU;best;0.008;;-1.9;-2.5;1000.0;7,16;0.1;0.12;TRUE;20
2021-09-28-0623-all-fit-variables_step_ept-peak-best-l2-1min-sun.csv;0;28.9.2021;1min;sun;l2;0.62;TRUE;TRUE;TRUE;3;0.5;0.9;TRUE;;step_ept;peak;One slope D = 0.62 AU;best;;;-1.9;-2.5;1000.0;7,16;0.1;0.12;TRUE;20
2021-09-28-0623-all-fit-variables_step_ept-peak-best-l2-2min-sun.csv;0;28.9.2021;2min;sun;l2;0.62;TRUE;TRUE;TRUE;3;0.5;0.9;TRUE;;step_ept;peak;One slope D = 0.62 AU;best;;;-1.9;-2.5;1000.0;7,16;0.1;0.12;TRUE;20
2021-09-28-0623-all-fit-variables_step_ept-peak-best-l2-5min-sun.csv;0;28.9.2021;5min;sun;l2;0.62;TRUE;TRUE;TRUE;3;0.5;0.9;TRUE;;step_ept;peak;One slope D = 0.62 AU;best;0.008;;-1.9;-2.5;1000.0;7,16;0.1;0.12;TRUE;20
2021-09-28-0623-all-fit-variables_step_ept_het-peak-best-l2-1min-sun.csv;0;28.9.2021;1min;sun;l2;0.62;TRUE;TRUE;TRUE;3;0.5;0.9;TRUE;;step_ept_het;peak;One slope D = 0.62 AU;best;;;-1.9;-2.5;1000.0;7,16;0.1;0.12;TRUE;20
2021-09-28-0623-all-fit-variables_step_ept_het-peak-best-l2-2min-sun.csv;0;28.9.2021;2min;sun;l2;0.62;TRUE;TRUE;TRUE;3;0.5;0.9;TRUE;;step_ept_het;peak;One slope D = 0.62 AU;best;;;-1.9;-2.5;1000.0;7,16;0.1;0.12;TRUE;20
2021-09-28-0623-all-fit-variables_step_ept_het-peak-best-l2-5min-sun.csv;0;28.9.2021;5min;sun;l2;0.62;TRUE;TRUE;TRUE;3;0.5;0.9;TRUE;;step_ept_het;peak;One slope D = 0.62 AU;best;0.008;;-1.9;-2.5;1000.0;7,16;0.1;0.12;TRUE;20
2021-10-09-0633-all-fit-variables_ept-peak-best-l2-1min-sun.csv;0;9.10.2021;1min;sun;l2;0.68;TRUE;TRUE;TRUE;3;0.5;0.9;TRUE;;ept;peak;One slope D = 0.62 AU;best;;;-1.9;-2.5;1000.0;7,16;0.1;0.12;TRUE;20
2021-10-09-0633-all-fit-variables_ept-peak-best-l2-2min-sun.csv;0;9.10.2021;2min;sun;l2;0.68;TRUE;TRUE;TRUE;3;0.5;0.9;TRUE;;ept;peak;One slope D = 0.62 AU;best;;;-1.9;-2.5;1000.0;7,16;0.1;0.12;TRUE;20
2021-10-09-0633-all-fit-variables_ept-peak-best-l2-5min-sun.csv;0;9.10.2021;5min;sun;l2;0.68;TRUE;TRUE;TRUE;3;0.5;0.9;TRUE;;ept;peak;One slope D = 0.62 AU;best;;;-1.9;-2.5;1000.0;7,16;0.1;0.12;TRUE;20
2021-10-09-0633-all-fit-variables_ept_het-peak-best-l2-1min-sun.csv;0;9.10.2021;1min;sun;l2;0.68;TRUE;TRUE;TRUE;3;0.5;0.9;TRUE;;ept_het;peak;One slope D = 0.62 AU;best;;;-1.9;-2.5;1000.0;7,16;0.1;0.12;TRUE;20
2021-10-09-0633-all-fit-variables_ept_het-peak-best-l2-2min-sun.csv;0;9.10.2021;2min;sun;l2;0.68;TRUE;TRUE;TRUE;3;0.5;0.9;TRUE;;ept_het;peak;One slope D = 0.62 AU;best;;;-1.9;-2.5;1000.0;7,16;0.1;0.12;TRUE;20
2021-10-09-0633-all-fit-variables_ept_het-peak-best-l2-5min-sun.csv;0;9.10.2021;5min;sun;l2;0.68;TRUE;TRUE;TRUE;3;0.5;0.9;TRUE;;ept_het;peak;One slope D = 0.62 AU;best;;;-1.9;-2.5;1000.0;7,16;0.1;0.12;TRUE;20
